x,y,country_iso3_code,erml_commodity,concat_figure_notes_text,pole_of_inaccessibility_longitude,erml_sub_commodity,pole_of_inaccessibility_latitude,cgi_commodity_url,year,yearbook_table_id,quantity,yearbook_table_trans,bgs_commodity_code,units,bgs_statistic_type_trans,bgs_commodity_trans,concat_table_notes_code,country_trans,bgs_sub_commodity_trans,concat_table_notes_text,country_iso2_code,erml_group,concat_figure_notes_code
20.154355,40.519335999999996,ALB,"Copper (mine production, metal content)",,20.154355,Ores and concentrates (metal content),40.519336,http://resource.geosciml.org/classifier/cgi/commodity-code/copper,2023-01-01 00:00:00,40,4006,Mine production of copper,19941,tonnes (metal content),Production,"copper, mine",,Albania,,,AL,Copper,
-64.247496,-31.841561,ARG,"Copper, refined",Estimates.,-64.247496,,-31.841561,http://resource.geosciml.org/classifier/cgi/commodity-code/copper,2023-01-01 00:00:00,42,14000,Production of refined copper,928,tonnes (metric),Production,"copper, refined",,Argentina,,,AR,Copper,*
44.931729999999995,40.288596,ARM,"Copper, smelter",,44.931730,,40.288596,http://resource.geosciml.org/classifier/cgi/commodity-code/copper,2023-01-01 00:00:00,41,0,Smelter production of copper,850,tonnes (metric),Production,"copper, smelter",,Armenia,,,AM,Copper,
132.72135600000001,-23.137734,AUS,"Copper, smelter",,132.721356,,-23.137734,http://resource.geosciml.org/classifier/cgi/commodity-code/copper,2023-01-01 00:00:00,41,397150,Smelter production of copper,850,tonnes (metric),Production,"copper, smelter",,Australia,,,AU,Copper,
132.72135600000001,-23.137734,AUS,"Copper, refined",,132.721356,,-23.137734,http://resource.geosciml.org/classifier/cgi/commodity-code/copper,2023-01-01 00:00:00,42,444582,Production of refined copper,928,tonnes (metric),Production,"copper, refined",,Australia,,,AU,Copper,
132.72135600000001,-23.137734,AUS,"Copper (mine production, metal content)",,132.721356,Ores and concentrates (metal content),-23.137734,http://resource.geosciml.org/classifier/cgi/commodity-code/copper,2023-01-01 00:00:00,40,778369,Mine production of copper,19941,tonnes (metal content),Production,"copper, mine",,Australia,,,AU,Copper,
14.130671999999999,47.585656,AUT,"Copper, smelter",,14.130672,,47.585656,http://resource.geosciml.org/classifier/cgi/commodity-code/copper,2023-01-01 00:00:00,41,60000,Smelter production of copper,850,tonnes (metric),Production,"copper, smelter",,Austria,,,AT,Copper,
4.362657,50.839724,BEL,"Copper, refined",,4.362657,,50.839724,http://resource.geosciml.org/classifier/cgi/commodity-code/copper,2023-01-01 00:00:00,42,379100,Production of refined copper,928,tonnes (metric),Production,"copper, refined",,Belgium,,,BE,Copper,
-64.684753,-16.706875999999998,BOL,"Copper, refined",,-64.684753,,-16.706876,http://resource.geosciml.org/classifier/cgi/commodity-code/copper,2023-01-01 00:00:00,42,1600,Production of refined copper,928,tonnes (metric),Production,"copper, refined",,Bolivia,,,BO,Copper,
23.840187999999998,42.733269,BGR,"Copper, smelter",Estimates.,23.840188,,42.733269,http://resource.geosciml.org/classifier/cgi/commodity-code/copper,2023-01-01 00:00:00,41,276000,Smelter production of copper,850,tonnes (metric),Production,"copper, smelter",,Bulgaria,,,BG,Copper,*
23.840187999999998,42.733269,BGR,"Copper (mine production, metal content)",,23.840188,Ores and concentrates (metal content),42.733269,http://resource.geosciml.org/classifier/cgi/commodity-code/copper,2023-01-01 00:00:00,40,72698,Mine production of copper,19941,tonnes (metal content),Production,"copper, mine",,Bulgaria,,,BG,Copper,
-119.677633,59.205383999999995,CAN,"Copper (mine production, metal content)",,-119.677633,Ores and concentrates (metal content),59.205384,http://resource.geosciml.org/classifier/cgi/commodity-code/copper,2023-01-01 00:00:00,40,499791,Mine production of copper,19941,tonnes (metal content),Production,"copper, mine",,Canada,,,CA,Copper,
-69.73191899999999,-26.162882999999997,CHL,"Copper, smelter",,-69.731919,,-26.162883,http://resource.geosciml.org/classifier/cgi/commodity-code/copper,2023-01-01 00:00:00,41,1073900,Smelter production of copper,850,tonnes (metric),Production,"copper, smelter",,Chile,,,CL,Copper,
-69.73191899999999,-26.162882999999997,CHL,"Copper, refined",,-69.731919,,-26.162883,http://resource.geosciml.org/classifier/cgi/commodity-code/copper,2023-01-01 00:00:00,42,2075900,Production of refined copper,928,tonnes (metric),Production,"copper, refined",,Chile,,,CL,Copper,
-69.73191899999999,-26.162882999999997,CHL,"Copper (mine production, metal content)",,-69.731919,Ores and concentrates (metal content),-26.162883,http://resource.geosciml.org/classifier/cgi/commodity-code/copper,2023-01-01 00:00:00,40,5372694,Mine production of copper,19941,tonnes (metal content),Production,"copper, mine",,Chile,,,CL,Copper,
109.537431,32.216659,CHN,"Copper, smelter",,109.537431,,32.216659,http://resource.geosciml.org/classifier/cgi/commodity-code/copper,2023-01-01 00:00:00,41,11833000,Smelter production of copper,850,tonnes (metric),Production,"copper, smelter",,China,,,CN,Copper,
109.537431,32.216659,CHN,"Copper, refined",,109.537431,,32.216659,http://resource.geosciml.org/classifier/cgi/commodity-code/copper,2023-01-01 00:00:00,42,12988000,Production of refined copper,928,tonnes (metric),Production,"copper, refined",,China,,,CN,Copper,
69.217179,48.473662,KAZ,"Copper (mine production, metal content)",,69.217179,Ores and concentrates (metal content),48.473662,http://resource.geosciml.org/classifier/cgi/commodity-code/copper,2023-01-01 00:00:00,40,576900,Mine production of copper,19941,tonnes (metal content),Production,"copper, mine",,Kazakhstan,,,KZ,Copper,
127.0,40.0,PRK,"Copper (mine production, metal content)",Estimates.,127.000000,Ores and concentrates (metal content),40.000000,http://resource.geosciml.org/classifier/cgi/commodity-code/copper,2023-01-01 00:00:00,40,2000,Mine production of copper,19941,tonnes (metal content),Production,"copper, mine",,"Korea, Dem. P.R. of",,,KP,Copper,*
128.0,36.0,KOR,"Copper, smelter",Estimates.,128.000000,,36.000000,http://resource.geosciml.org/classifier/cgi/commodity-code/copper,2023-01-01 00:00:00,41,510000,Smelter production of copper,850,tonnes (metric),Production,"copper, smelter",,Korea (Rep. of),,,KR,Copper,*
128.0,36.0,KOR,"Copper, refined",,128.000000,,36.000000,http://resource.geosciml.org/classifier/cgi/commodity-code/copper,2023-01-01 00:00:00,42,604100,Production of refined copper,928,tonnes (metric),Production,"copper, refined",,Korea (Rep. of),,,KR,Copper,
102.461851,19.117967999999998,LAO,"Copper, refined",,102.461851,,19.117968,http://resource.geosciml.org/classifier/cgi/commodity-code/copper,2023-01-01 00:00:00,42,6518,Production of refined copper,928,tonnes (metric),Production,"copper, refined",,Laos,,,LA,Copper,
102.461851,19.117967999999998,LAO,"Copper (mine production, metal content)",,102.461851,Ores and concentrates (metal content),19.117968,http://resource.geosciml.org/classifier/cgi/commodity-code/copper,2023-01-01 00:00:00,40,50120,Mine production of copper,19941,tonnes (metal content),Production,"copper, mine",,Laos,,,LA,Copper,
-101.933344,23.629557,MEX,"Copper, smelter",,-101.933344,,23.629557,http://resource.geosciml.org/classifier/cgi/commodity-code/copper,2023-01-01 00:00:00,41,263613,Smelter production of copper,850,tonnes (metric),Production,"copper, smelter",,Mexico,,,MX,Copper,
-101.933344,23.629557,MEX,"Copper, refined",,-101.933344,,23.629557,http://resource.geosciml.org/classifier/cgi/commodity-code/copper,2023-01-01 00:00:00,42,403300,Production of refined copper,928,tonnes (metric),Production,"copper, refined",,Mexico,,,MX,Copper,
96.111983,21.798486,MMR,"Copper, refined",,96.111983,,21.798486,http://resource.geosciml.org/classifier/cgi/commodity-code/copper,2023-01-01 00:00:00,42,0,Production of refined copper,928,tonnes (metric),Production,"copper, refined",,Myanmar,,,MM,Copper,
16.971256999999998,-20.703654,NAM,"Copper, smelter",,16.971257,,-20.703654,http://resource.geosciml.org/classifier/cgi/commodity-code/copper,2023-01-01 00:00:00,41,35620,Smelter production of copper,850,tonnes (metric),Production,"copper, smelter",,Namibia,,,NA,Copper,
16.971256999999998,-20.703654,NAM,"Copper (mine production, metal content)",Estimates.,16.971257,Ores and concentrates (metal content),-20.703654,http://resource.geosciml.org/classifier/cgi/commodity-code/copper,2023-01-01 00:00:00,40,2000,Mine production of copper,19941,tonnes (metal content),Production,"copper, mine",,Namibia,,,NA,Copper,*
21.7,41.6,MKD,"Copper, refined",,21.700000,,41.600000,http://resource.geosciml.org/classifier/cgi/commodity-code/copper,2023-01-01 00:00:00,42,600,Production of refined copper,928,tonnes (metric),Production,"copper, refined",,North Macedonia,,,MK,Copper,
21.7,41.6,MKD,"Copper (mine production, metal content)",,21.700000,Ores and concentrates (metal content),41.600000,http://resource.geosciml.org/classifier/cgi/commodity-code/copper,2023-01-01 00:00:00,40,7378,Mine production of copper,19941,tonnes (metal content),Production,"copper, mine",,North Macedonia,,,MK,Copper,
10.262436,61.687073999999996,NOR,"Copper, refined",,10.262436,,61.687074,http://resource.geosciml.org/classifier/cgi/commodity-code/copper,2023-01-01 00:00:00,42,20086,Production of refined copper,928,tonnes (metric),Production,"copper, refined",,Norway,,,NO,Copper,
71.28184499999999,30.792002999999998,PAK,"Copper, smelter",,71.281845,,30.792003,http://resource.geosciml.org/classifier/cgi/commodity-code/copper,2023-01-01 00:00:00,41,17042,Smelter production of copper,850,tonnes (metric),Production,"copper, smelter",,Pakistan,,,PK,Copper,
-80.023774,9.023398,PAN,"Copper (mine production, metal content)",,-80.023774,Ores and concentrates (metal content),9.023398,http://resource.geosciml.org/classifier/cgi/commodity-code/copper,2023-01-01 00:00:00,40,330863,Mine production of copper,19941,tonnes (metal content),Production,"copper, mine",,Panama,,,PA,Copper,
143.89105,-5.631615,PNG,"Copper (mine production, metal content)",,143.891050,Ores and concentrates (metal content),-5.631615,http://resource.geosciml.org/classifier/cgi/commodity-code/copper,2023-01-01 00:00:00,40,87400,Mine production of copper,19941,tonnes (metal content),Production,"copper, mine",,Papua New Guinea,,,PG,Copper,
-73.03382599999999,-13.197341,PER,"Copper, smelter",Estimates.,-73.033826,,-13.197341,http://resource.geosciml.org/classifier/cgi/commodity-code/copper,2023-01-01 00:00:00,41,330000,Smelter production of copper,850,tonnes (metric),Production,"copper, smelter",,Peru,,,PE,Copper,*
-73.03382599999999,-13.197341,PER,"Copper, refined",,-73.033826,,-13.197341,http://resource.geosciml.org/classifier/cgi/commodity-code/copper,2023-01-01 00:00:00,42,403300,Production of refined copper,928,tonnes (metric),Production,"copper, refined",,Peru,,,PE,Copper,
-73.03382599999999,-13.197341,PER,"Copper (mine production, metal content)",,-73.033826,Ores and concentrates (metal content),-13.197341,http://resource.geosciml.org/classifier/cgi/commodity-code/copper,2023-01-01 00:00:00,40,2755244,Mine production of copper,19941,tonnes (metal content),Production,"copper, mine",,Peru,,,PE,Copper,
121.417908,17.522436,PHL,"Copper, smelter",,121.417908,,17.522436,http://resource.geosciml.org/classifier/cgi/commodity-code/copper,2023-01-01 00:00:00,41,216900,Smelter production of copper,850,tonnes (metric),Production,"copper, smelter",,Philippines,,,PH,Copper,
121.417908,17.522436,PHL,"Copper, refined",,121.417908,,17.522436,http://resource.geosciml.org/classifier/cgi/commodity-code/copper,2023-01-01 00:00:00,42,266532,Production of refined copper,928,tonnes (metric),Production,"copper, refined",,Philippines,,,PH,Copper,
121.417908,17.522436,PHL,"Copper (mine production, metal content)",,121.417908,Ores and concentrates (metal content),17.522436,http://resource.geosciml.org/classifier/cgi/commodity-code/copper,2023-01-01 00:00:00,40,61629,Mine production of copper,19941,tonnes (metal content),Production,"copper, mine",,Philippines,,,PH,Copper,
19.394322,52.124770999999996,POL,"Copper, smelter",,19.394322,,52.124771,http://resource.geosciml.org/classifier/cgi/commodity-code/copper,2023-01-01 00:00:00,41,479694,Smelter production of copper,850,tonnes (metric),Production,"copper, smelter",,Poland,,,PL,Copper,
19.394322,52.124770999999996,POL,"Copper, refined",,19.394322,,52.124771,http://resource.geosciml.org/classifier/cgi/commodity-code/copper,2023-01-01 00:00:00,42,592359,Production of refined copper,928,tonnes (metric),Production,"copper, refined",,Poland,,,PL,Copper,
19.394322,52.124770999999996,POL,"Copper (mine production, metal content)",,19.394322,Ores and concentrates (metal content),52.124771,http://resource.geosciml.org/classifier/cgi/commodity-code/copper,2023-01-01 00:00:00,40,445000,Mine production of copper,19941,tonnes (metal content),Production,"copper, mine",,Poland,,,PL,Copper,
-8.263145999999999,39.866841,PRT,"Copper (mine production, metal content)",,-8.263146,Ores and concentrates (metal content),39.866841,http://resource.geosciml.org/classifier/cgi/commodity-code/copper,2023-01-01 00:00:00,40,40800,Mine production of copper,19941,tonnes (metal content),Production,"copper, mine",,Portugal,,,PT,Copper,
24.972941,45.853463999999995,ROU,"Copper (mine production, metal content)",,24.972941,Ores and concentrates (metal content),45.853464,http://resource.geosciml.org/classifier/cgi/commodity-code/copper,2023-01-01 00:00:00,40,9300,Mine production of copper,19941,tonnes (metal content),Production,"copper, mine",,Romania,,,RO,Copper,
94.13658799999999,63.462201,RUS,"Copper, smelter",,94.136588,,63.462201,http://resource.geosciml.org/classifier/cgi/commodity-code/copper,2023-01-01 00:00:00,41,981900,Smelter production of copper,850,tonnes (metric),Production,"copper, smelter",,Russia,,,RU,Copper,
94.13658799999999,63.462201,RUS,"Copper, refined",,94.136588,,63.462201,http://resource.geosciml.org/classifier/cgi/commodity-code/copper,2023-01-01 00:00:00,42,993600,Production of refined copper,928,tonnes (metric),Production,"copper, refined",,Russia,,,RU,Copper,
94.13658799999999,63.462201,RUS,"Copper (mine production, metal content)",Estimates.,94.136588,Ores and concentrates (metal content),63.462201,http://resource.geosciml.org/classifier/cgi/commodity-code/copper,2023-01-01 00:00:00,40,896800,Mine production of copper,19941,tonnes (metal content),Production,"copper, mine",,Russia,,,RU,Copper,*
44.908958,23.753953,SAU,"Copper (mine production, metal content)",,44.908958,Ores and concentrates (metal content),23.753953,http://resource.geosciml.org/classifier/cgi/commodity-code/copper,2023-01-01 00:00:00,40,71810,Mine production of copper,19941,tonnes (metal content),Production,"copper, mine",,Saudi Arabia,,,SA,Copper,
21.069122999999998,43.769359,SRB,"Copper, smelter",Estimates.,21.069123,,43.769359,http://resource.geosciml.org/classifier/cgi/commodity-code/copper,2023-01-01 00:00:00,41,30000,Smelter production of copper,850,tonnes (metric),Production,"copper, smelter",,Serbia,,,RS,Copper,*
21.069122999999998,43.769359,SRB,"Copper, refined",,21.069123,,43.769359,http://resource.geosciml.org/classifier/cgi/commodity-code/copper,2023-01-01 00:00:00,42,74163,Production of refined copper,928,tonnes (metric),Production,"copper, refined",,Serbia,,,RS,Copper,
21.069122999999998,43.769359,SRB,"Copper (mine production, metal content)",,21.069123,Ores and concentrates (metal content),43.769359,http://resource.geosciml.org/classifier/cgi/commodity-code/copper,2023-01-01 00:00:00,40,238909,Mine production of copper,19941,tonnes (metal content),Production,"copper, mine",,Serbia,,,RS,Copper,
19.480382,48.704935,SVK,"Copper (mine production, metal content)",,19.480382,Ores and concentrates (metal content),48.704935,http://resource.geosciml.org/classifier/cgi/commodity-code/copper,2023-01-01 00:00:00,40,37,Mine production of copper,19941,tonnes (metal content),Production,"copper, mine",,Slovakia,,,SK,Copper,
23.214465999999998,-30.457874999999998,ZAF,"Copper, smelter",Estimates.,23.214466,,-30.457875,http://resource.geosciml.org/classifier/cgi/commodity-code/copper,2023-01-01 00:00:00,41,0,Smelter production of copper,850,tonnes (metric),Production,"copper, smelter",,South Africa,,,ZA,Copper,*
23.214465999999998,-30.457874999999998,ZAF,"Copper, refined",Estimates.,23.214466,,-30.457875,http://resource.geosciml.org/classifier/cgi/commodity-code/copper,2023-01-01 00:00:00,42,0,Production of refined copper,928,tonnes (metric),Production,"copper, refined",,South Africa,,,ZA,Copper,*
79.282538,22.642556,IND,"Copper, refined",,79.282538,,22.642556,http://resource.geosciml.org/classifier/cgi/commodity-code/copper,2023-01-01 00:00:00,42,509000,Production of refined copper,928,tonnes (metric),Production,"copper, refined",,India,,,IN,Copper,
79.282538,22.642556,IND,"Copper (mine production, metal content)",,79.282538,Ores and concentrates (metal content),22.642556,http://resource.geosciml.org/classifier/cgi/commodity-code/copper,2023-01-01 00:00:00,40,28044,Mine production of copper,19941,tonnes (metal content),Production,"copper, mine",,India,,,IN,Copper,
114.218582,-0.9663149999999999,IDN,"Copper, smelter",,114.218582,,-0.966315,http://resource.geosciml.org/classifier/cgi/commodity-code/copper,2023-01-01 00:00:00,41,221900,Smelter production of copper,850,tonnes (metric),Production,"copper, smelter",,Indonesia,,,ID,Copper,
114.218582,-0.9663149999999999,IDN,"Copper (mine production, metal content)",,114.218582,Ores and concentrates (metal content),-0.966315,http://resource.geosciml.org/classifier/cgi/commodity-code/copper,2023-01-01 00:00:00,40,922143,Mine production of copper,19941,tonnes (metal content),Production,"copper, mine",,Indonesia,,,ID,Copper,
55.508706,31.955713,IRN,"Copper (mine production, metal content)",,55.508706,Ores and concentrates (metal content),31.955713,http://resource.geosciml.org/classifier/cgi/commodity-code/copper,2023-01-01 00:00:00,40,326000,Mine production of copper,19941,tonnes (metal content),Production,"copper, mine",,Iran,,,IR,Copper,
10.612941,45.366552,ITA,"Copper, refined",,10.612941,,45.366552,http://resource.geosciml.org/classifier/cgi/commodity-code/copper,2023-01-01 00:00:00,42,10200,Production of refined copper,928,tonnes (metric),Production,"copper, refined",,Italy,,,IT,Copper,
142.796275,43.46076,JPN,"Copper, smelter",,142.796275,,43.460760,http://resource.geosciml.org/classifier/cgi/commodity-code/copper,2023-01-01 00:00:00,41,1174623,Smelter production of copper,850,tonnes (metric),Production,"copper, smelter",,Japan,,,JP,Copper,
142.796275,43.46076,JPN,"Copper, refined",,142.796275,,43.460760,http://resource.geosciml.org/classifier/cgi/commodity-code/copper,2023-01-01 00:00:00,42,1494160,Production of refined copper,928,tonnes (metric),Production,"copper, refined",,Japan,,,JP,Copper,
69.217179,48.473662,KAZ,"Copper, smelter",Estimates.,69.217179,,48.473662,http://resource.geosciml.org/classifier/cgi/commodity-code/copper,2023-01-01 00:00:00,41,290000,Smelter production of copper,850,tonnes (metric),Production,"copper, smelter",,Kazakhstan,,,KZ,Copper,*
69.217179,48.473662,KAZ,"Copper, refined",,69.217179,,48.473662,http://resource.geosciml.org/classifier/cgi/commodity-code/copper,2023-01-01 00:00:00,42,417108,Production of refined copper,928,tonnes (metric),Production,"copper, refined",,Kazakhstan,,,KZ,Copper,
74.82593399999999,41.734527,KGZ,"Copper (mine production, metal content)",,74.825934,Ores and concentrates (metal content),41.734527,http://resource.geosciml.org/classifier/cgi/commodity-code/copper,2023-01-01 00:00:00,40,7200,Mine production of copper,19941,tonnes (metal content),Production,"copper, mine",,Kyrgyzstan,,,KG,Copper,
-9.418948,19.331734,MRT,"Copper (mine production, metal content)",,-9.418948,Ores and concentrates (metal content),19.331734,http://resource.geosciml.org/classifier/cgi/commodity-code/copper,2023-01-01 00:00:00,40,13014,Mine production of copper,19941,tonnes (metal content),Production,"copper, mine",,Mauritania,,,MR,Copper,
-101.933344,23.629557,MEX,"Copper (mine production, metal content)",,-101.933344,Ores and concentrates (metal content),23.629557,http://resource.geosciml.org/classifier/cgi/commodity-code/copper,2023-01-01 00:00:00,40,778839,Mine production of copper,19941,tonnes (metal content),Production,"copper, mine",,Mexico,,,MX,Copper,
105.527762,46.198899,MNG,"Copper, refined",,105.527762,,46.198899,http://resource.geosciml.org/classifier/cgi/commodity-code/copper,2023-01-01 00:00:00,42,9661,Production of refined copper,928,tonnes (metric),Production,"copper, refined",,Mongolia,,,MN,Copper,
105.527762,46.198899,MNG,"Copper (mine production, metal content)",,105.527762,Ores and concentrates (metal content),46.198899,http://resource.geosciml.org/classifier/cgi/commodity-code/copper,2023-01-01 00:00:00,40,488355,Mine production of copper,19941,tonnes (metal content),Production,"copper, mine",,Mongolia,,,MN,Copper,
-6.587161,31.846552,MAR,"Copper (mine production, metal content)",Estimates.,-6.587161,Ores and concentrates (metal content),31.846552,http://resource.geosciml.org/classifier/cgi/commodity-code/copper,2023-01-01 00:00:00,40,32000,Mine production of copper,19941,tonnes (metal content),Production,"copper, mine",,Morocco,,,MA,Copper,*
96.111983,21.798486,MMR,"Copper (mine production, metal content)",,96.111983,Ores and concentrates (metal content),21.798486,http://resource.geosciml.org/classifier/cgi/commodity-code/copper,2023-01-01 00:00:00,40,0,Mine production of copper,19941,tonnes (metal content),Production,"copper, mine",,Myanmar,,,MM,Copper,
16.971256999999998,-20.703654,NAM,"Copper, refined",,16.971257,,-20.703654,http://resource.geosciml.org/classifier/cgi/commodity-code/copper,2023-01-01 00:00:00,42,0,Production of refined copper,928,tonnes (metric),Production,"copper, refined",,Namibia,,,NA,Copper,
10.262436,61.687073999999996,NOR,"Copper, smelter",,10.262436,,61.687074,http://resource.geosciml.org/classifier/cgi/commodity-code/copper,2023-01-01 00:00:00,41,20086,Smelter production of copper,850,tonnes (metric),Production,"copper, smelter",,Norway,,,NO,Copper,
23.214465999999998,-30.457874999999998,ZAF,"Copper (mine production, metal content)",,23.214466,Ores and concentrates (metal content),-30.457875,http://resource.geosciml.org/classifier/cgi/commodity-code/copper,2023-01-01 00:00:00,40,50023,Mine production of copper,19941,tonnes (metal content),Production,"copper, mine",,South Africa,,,ZA,Copper,
-3.562909,40.389544,ESP,"Copper, smelter",Estimates.,-3.562909,,40.389544,http://resource.geosciml.org/classifier/cgi/commodity-code/copper,2023-01-01 00:00:00,41,240000,Smelter production of copper,850,tonnes (metric),Production,"copper, smelter",,Spain,,,ES,Copper,*
-3.562909,40.389544,ESP,"Copper, refined",,-3.562909,,40.389544,http://resource.geosciml.org/classifier/cgi/commodity-code/copper,2023-01-01 00:00:00,42,334200,Production of refined copper,928,tonnes (metric),Production,"copper, refined",,Spain,,,ES,Copper,
-3.562909,40.389544,ESP,"Copper (mine production, metal content)",,-3.562909,Ores and concentrates (metal content),40.389544,http://resource.geosciml.org/classifier/cgi/commodity-code/copper,2023-01-01 00:00:00,40,114786,Mine production of copper,19941,tonnes (metal content),Production,"copper, mine",,Spain,,,ES,Copper,
18.043765,65.542091,SWE,"Copper, smelter",Estimates.,18.043765,,65.542091,http://resource.geosciml.org/classifier/cgi/commodity-code/copper,2023-01-01 00:00:00,41,160000,Smelter production of copper,850,tonnes (metric),Production,"copper, smelter",,Sweden,,,SE,Copper,*
18.043765,65.542091,SWE,"Copper, refined",,18.043765,,65.542091,http://resource.geosciml.org/classifier/cgi/commodity-code/copper,2023-01-01 00:00:00,42,96300,Production of refined copper,928,tonnes (metric),Production,"copper, refined",,Sweden,,,SE,Copper,
18.043765,65.542091,SWE,"Copper (mine production, metal content)",,18.043765,Ores and concentrates (metal content),65.542091,http://resource.geosciml.org/classifier/cgi/commodity-code/copper,2023-01-01 00:00:00,40,73780,Mine production of copper,19941,tonnes (metal content),Production,"copper, mine",,Sweden,,,SE,Copper,
72.249192,38.314141,TJK,"Copper (mine production, metal content)",,72.249192,Ores and concentrates (metal content),38.314141,http://resource.geosciml.org/classifier/cgi/commodity-code/copper,2023-01-01 00:00:00,40,890,Mine production of copper,19941,tonnes (metal content),Production,"copper, mine",,Tajikistan,,,TJ,Copper,
34.022162,-5.686961,TZA,"Copper, smelter",Estimates.,34.022162,,-5.686961,http://resource.geosciml.org/classifier/cgi/commodity-code/copper,2023-01-01 00:00:00,41,10000,Smelter production of copper,850,tonnes (metric),Production,"copper, smelter",,Tanzania,,,TZ,Copper,*
34.022162,-5.686961,TZA,"Copper (mine production, metal content)",Estimates.,34.022162,Ores and concentrates (metal content),-5.686961,http://resource.geosciml.org/classifier/cgi/commodity-code/copper,2023-01-01 00:00:00,40,10000,Mine production of copper,19941,tonnes (metal content),Production,"copper, mine",,Tanzania,,,TZ,Copper,*
33.526313,39.351717,TUR,"Copper, smelter",,33.526313,,39.351717,http://resource.geosciml.org/classifier/cgi/commodity-code/copper,2023-01-01 00:00:00,41,84000,Smelter production of copper,850,tonnes (metric),Production,"copper, smelter",,Turkey,,,TR,Copper,
33.526313,39.351717,TUR,"Copper, refined",,33.526313,,39.351717,http://resource.geosciml.org/classifier/cgi/commodity-code/copper,2023-01-01 00:00:00,42,141700,Production of refined copper,928,tonnes (metric),Production,"copper, refined",,Turkey,,,TR,Copper,
33.526313,39.351717,TUR,"Copper (mine production, metal content)",,33.526313,Ores and concentrates (metal content),39.351717,http://resource.geosciml.org/classifier/cgi/commodity-code/copper,2023-01-01 00:00:00,40,127000,Mine production of copper,19941,tonnes (metal content),Production,"copper, mine",,Turkey,,,TR,Copper,
31.971487999999997,49.685680999999995,UKR,"Copper, refined",Estimates.,31.971488,,49.685681,http://resource.geosciml.org/classifier/cgi/commodity-code/copper,2023-01-01 00:00:00,42,2400,Production of refined copper,928,tonnes (metric),Production,"copper, refined",,Ukraine,,,UA,Copper,*
63.826062,41.895281,UZB,"Copper, refined",Estimates.,63.826062,,41.895281,http://resource.geosciml.org/classifier/cgi/commodity-code/copper,2023-01-01 00:00:00,42,149000,Production of refined copper,928,tonnes (metric),Production,"copper, refined",,Uzbekistan,,,UZ,Copper,*
105.335928,21.894282,VNM,"Copper, smelter",,105.335928,,21.894282,http://resource.geosciml.org/classifier/cgi/commodity-code/copper,2023-01-01 00:00:00,41,20000,Smelter production of copper,850,tonnes (metric),Production,"copper, smelter",,Vietnam,,,VN,Copper,
105.335928,21.894282,VNM,"Copper (mine production, metal content)",,105.335928,Ores and concentrates (metal content),21.894282,http://resource.geosciml.org/classifier/cgi/commodity-code/copper,2023-01-01 00:00:00,40,29049,Mine production of copper,19941,tonnes (metal content),Production,"copper, mine",,Vietnam,,,VN,Copper,
26.300237,-14.98326,ZMB,"Copper, refined",,26.300237,,-14.983260,http://resource.geosciml.org/classifier/cgi/commodity-code/copper,2023-01-01 00:00:00,42,202500,Production of refined copper,928,tonnes (metric),Production,"copper, refined",,Zambia,,,ZM,Copper,
29.851884,-19.002536,ZWE,"Copper (mine production, metal content)",,29.851884,Ores and concentrates (metal content),-19.002536,http://resource.geosciml.org/classifier/cgi/commodity-code/copper,2023-01-01 00:00:00,40,12908,Mine production of copper,19941,tonnes (metal content),Production,"copper, mine",,Zimbabwe,,,ZW,Copper,
44.931729999999995,40.288596,ARM,"Copper (mine production, metal content)",,44.931730,Ores and concentrates (metal content),40.288596,http://resource.geosciml.org/classifier/cgi/commodity-code/copper,2023-01-01 00:00:00,40,62266,Mine production of copper,19941,tonnes (metal content),Production,"copper, mine",,Armenia,,,AM,Copper,
14.130671999999999,47.585656,AUT,"Copper, refined",,14.130672,,47.585656,http://resource.geosciml.org/classifier/cgi/commodity-code/copper,2023-01-01 00:00:00,42,100400,Production of refined copper,928,tonnes (metric),Production,"copper, refined",,Austria,,,AT,Copper,
47.659729,40.34583,AZE,"Copper (mine production, metal content)",,47.659729,Ores and concentrates (metal content),40.345830,http://resource.geosciml.org/classifier/cgi/commodity-code/copper,2023-01-01 00:00:00,40,2687,Mine production of copper,19941,tonnes (metal content),Production,"copper, mine",,Azerbaijan,,,AZ,Copper,
-64.684753,-16.706875999999998,BOL,"Copper (mine production, metal content)",,-64.684753,Ores and concentrates (metal content),-16.706876,http://resource.geosciml.org/classifier/cgi/commodity-code/copper,2023-01-01 00:00:00,40,3881,Mine production of copper,19941,tonnes (metal content),Production,"copper, mine",,Bolivia,,,BO,Copper,
23.963964999999998,-21.767426,BWA,"Copper (mine production, metal content)",,23.963965,Ores and concentrates (metal content),-21.767426,http://resource.geosciml.org/classifier/cgi/commodity-code/copper,2023-01-01 00:00:00,40,54808,Mine production of copper,19941,tonnes (metal content),Production,"copper, mine",,Botswana,,,BW,Copper,
-49.028009999999995,-12.408957,BRA,"Copper, smelter",Estimates.,-49.028010,,-12.408957,http://resource.geosciml.org/classifier/cgi/commodity-code/copper,2023-01-01 00:00:00,41,13600,Smelter production of copper,850,tonnes (metric),Production,"copper, smelter",,Brazil,,,BR,Copper,*
-49.028009999999995,-12.408957,BRA,"Copper, refined",Estimates.,-49.028010,,-12.408957,http://resource.geosciml.org/classifier/cgi/commodity-code/copper,2023-01-01 00:00:00,42,25000,Production of refined copper,928,tonnes (metric),Production,"copper, refined",,Brazil,,,BR,Copper,*
-49.028009999999995,-12.408957,BRA,"Copper (mine production, metal content)",,-49.028010,Ores and concentrates (metal content),-12.408957,http://resource.geosciml.org/classifier/cgi/commodity-code/copper,2023-01-01 00:00:00,40,376338,Mine production of copper,19941,tonnes (metal content),Production,"copper, mine",,Brazil,,,BR,Copper,
23.840187999999998,42.733269,BGR,"Copper, refined",,23.840188,,42.733269,http://resource.geosciml.org/classifier/cgi/commodity-code/copper,2023-01-01 00:00:00,42,228800,Production of refined copper,928,tonnes (metric),Production,"copper, refined",,Bulgaria,,,BG,Copper,
-119.677633,59.205383999999995,CAN,"Copper, smelter",Estimates.,-119.677633,,59.205384,http://resource.geosciml.org/classifier/cgi/commodity-code/copper,2023-01-01 00:00:00,41,280000,Smelter production of copper,850,tonnes (metric),Production,"copper, smelter",,Canada,,,CA,Copper,*
-119.677633,59.205383999999995,CAN,"Copper, refined",,-119.677633,,59.205384,http://resource.geosciml.org/classifier/cgi/commodity-code/copper,2023-01-01 00:00:00,42,314700,Production of refined copper,928,tonnes (metric),Production,"copper, refined",,Canada,,,CA,Copper,
109.537431,32.216659,CHN,"Copper (mine production, metal content)",,109.537431,Ores and concentrates (metal content),32.216659,http://resource.geosciml.org/classifier/cgi/commodity-code/copper,2023-01-01 00:00:00,40,1815010,Mine production of copper,19941,tonnes (metal content),Production,"copper, mine",,China,,,CN,Copper,
-73.327862,3.734623,COL,"Copper (mine production, metal content)",,-73.327862,Ores and concentrates (metal content),3.734623,http://resource.geosciml.org/classifier/cgi/commodity-code/copper,2023-01-01 00:00:00,40,6000,Mine production of copper,19941,tonnes (metal content),Production,"copper, mine",,Colombia,,,CO,Copper,
24.0,-3.0,COD,"Copper, smelter",,24.000000,,-3.000000,http://resource.geosciml.org/classifier/cgi/commodity-code/copper,2023-01-01 00:00:00,41,197800,Smelter production of copper,850,tonnes (metric),Production,"copper, smelter",,"Congo, Democratic Republic",,,CD,Copper,
24.0,-3.0,COD,"Copper, refined",,24.000000,,-3.000000,http://resource.geosciml.org/classifier/cgi/commodity-code/copper,2023-01-01 00:00:00,42,2210000,Production of refined copper,928,tonnes (metric),Production,"copper, refined",,"Congo, Democratic Republic",,,CD,Copper,
24.0,-3.0,COD,"Copper (mine production, metal content)",,24.000000,Ores and concentrates (metal content),-3.000000,http://resource.geosciml.org/classifier/cgi/commodity-code/copper,2023-01-01 00:00:00,40,3148567,Mine production of copper,19941,tonnes (metal content),Production,"copper, mine",,"Congo, Democratic Republic",,,CD,Copper,
33.114833,34.90605,CYP,"Copper, refined",,33.114833,,34.906050,http://resource.geosciml.org/classifier/cgi/commodity-code/copper,2023-01-01 00:00:00,42,0,Production of refined copper,928,tonnes (metric),Production,"copper, refined",,Cyprus,,,CY,Copper,
33.114833,34.90605,CYP,"Copper (mine production, metal content)",,33.114833,Ores and concentrates (metal content),34.906050,http://resource.geosciml.org/classifier/cgi/commodity-code/copper,2023-01-01 00:00:00,40,0,Mine production of copper,19941,tonnes (metal content),Production,"copper, mine",,Cyprus,,,CY,Copper,
-70.500342,18.899231999999998,DOM,"Copper (mine production, metal content)",,-70.500342,Ores and concentrates (metal content),18.899232,http://resource.geosciml.org/classifier/cgi/commodity-code/copper,2023-01-01 00:00:00,40,9673,Mine production of copper,19941,tonnes (metal content),Production,"copper, mine",,Dominican Republic,,,DO,Copper,
-78.38721699999999,-1.4488619999999999,ECU,"Copper (mine production, metal content)",Estimates.,-78.387217,Ores and concentrates (metal content),-1.448862,http://resource.geosciml.org/classifier/cgi/commodity-code/copper,2023-01-01 00:00:00,40,140000,Mine production of copper,19941,tonnes (metal content),Production,"copper, mine",,Ecuador,,,EC,Copper,*
28.915516,26.221542,EGY,"Copper, refined",Estimates.,28.915516,,26.221542,http://resource.geosciml.org/classifier/cgi/commodity-code/copper,2023-01-01 00:00:00,42,4000,Production of refined copper,928,tonnes (metric),Production,"copper, refined",,Egypt,,,EG,Copper,*
38.540448999999995,15.888024999999999,ERI,"Copper (mine production, metal content)",,38.540449,Ores and concentrates (metal content),15.888025,http://resource.geosciml.org/classifier/cgi/commodity-code/copper,2023-01-01 00:00:00,40,17595,Mine production of copper,19941,tonnes (metal content),Production,"copper, mine",,Eritrea,,,ER,Copper,
27.679723,63.018750999999995,FIN,"Copper, smelter",Estimates.,27.679723,,63.018751,http://resource.geosciml.org/classifier/cgi/commodity-code/copper,2023-01-01 00:00:00,41,147000,Smelter production of copper,850,tonnes (metric),Production,"copper, smelter",,Finland,,,FI,Copper,*
27.679723,63.018750999999995,FIN,"Copper, refined",,27.679723,,63.018751,http://resource.geosciml.org/classifier/cgi/commodity-code/copper,2023-01-01 00:00:00,42,129092,Production of refined copper,928,tonnes (metric),Production,"copper, refined",,Finland,,,FI,Copper,
27.679723,63.018750999999995,FIN,"Copper (mine production, metal content)",,27.679723,Ores and concentrates (metal content),63.018751,http://resource.geosciml.org/classifier/cgi/commodity-code/copper,2023-01-01 00:00:00,40,20000,Mine production of copper,19941,tonnes (metal content),Production,"copper, mine",,Finland,,,FI,Copper,
43.340388999999995,42.309976,GEO,"Copper (mine production, metal content)",,43.340389,Ores and concentrates (metal content),42.309976,http://resource.geosciml.org/classifier/cgi/commodity-code/copper,2023-01-01 00:00:00,40,4394,Mine production of copper,19941,tonnes (metal content),Production,"copper, mine",,Georgia,,,GE,Copper,
9.669879,51.08851,DEU,"Copper, smelter",,9.669879,,51.088510,http://resource.geosciml.org/classifier/cgi/commodity-code/copper,2023-01-01 00:00:00,41,340100,Smelter production of copper,850,tonnes (metric),Production,"copper, smelter",,Germany,,,DE,Copper,
9.669879,51.08851,DEU,"Copper, refined",,9.669879,,51.088510,http://resource.geosciml.org/classifier/cgi/commodity-code/copper,2023-01-01 00:00:00,42,596000,Production of refined copper,928,tonnes (metric),Production,"copper, refined",,Germany,,,DE,Copper,
79.282538,22.642556,IND,"Copper, smelter",Estimates.,79.282538,,22.642556,http://resource.geosciml.org/classifier/cgi/commodity-code/copper,2023-01-01 00:00:00,41,390000,Smelter production of copper,850,tonnes (metric),Production,"copper, smelter",,India,,,IN,Copper,*
114.218582,-0.9663149999999999,IDN,"Copper, refined",,114.218582,,-0.966315,http://resource.geosciml.org/classifier/cgi/commodity-code/copper,2023-01-01 00:00:00,42,226300,Production of refined copper,928,tonnes (metric),Production,"copper, refined",,Indonesia,,,ID,Copper,
55.508706,31.955713,IRN,"Copper, smelter",Estimates.,55.508706,,31.955713,http://resource.geosciml.org/classifier/cgi/commodity-code/copper,2023-01-01 00:00:00,41,230000,Smelter production of copper,850,tonnes (metric),Production,"copper, smelter",,Iran,,,IR,Copper,*
55.508706,31.955713,IRN,"Copper, refined",Years ended 20 March following that stated.,55.508706,,31.955713,http://resource.geosciml.org/classifier/cgi/commodity-code/copper,2023-01-01 00:00:00,42,288632,Production of refined copper,928,tonnes (metric),Production,"copper, refined",,Iran,,,IR,Copper,a
-97.834383,39.139831,USA,"Copper, smelter",,-97.834383,,39.139831,http://resource.geosciml.org/classifier/cgi/commodity-code/copper,2023-01-01 00:00:00,41,378000,Smelter production of copper,850,tonnes (metric),Production,"copper, smelter",,USA,,,US,Copper,
-97.834383,39.139831,USA,"Copper, refined",Estimates.,-97.834383,,39.139831,http://resource.geosciml.org/classifier/cgi/commodity-code/copper,2023-01-01 00:00:00,42,850000,Production of refined copper,928,tonnes (metric),Production,"copper, refined",,USA,,,US,Copper,*
-97.834383,39.139831,USA,"Copper (mine production, metal content)",Estimates.,-97.834383,Ores and concentrates (metal content),39.139831,http://resource.geosciml.org/classifier/cgi/commodity-code/copper,2023-01-01 00:00:00,40,1100000,Mine production of copper,19941,tonnes (metal content),Production,"copper, mine",,USA,,,US,Copper,*
63.826062,41.895281,UZB,"Copper, smelter",,63.826062,,41.895281,http://resource.geosciml.org/classifier/cgi/commodity-code/copper,2023-01-01 00:00:00,41,153100,Smelter production of copper,850,tonnes (metric),Production,"copper, smelter",,Uzbekistan,,,UZ,Copper,
63.826062,41.895281,UZB,"Copper (mine production, metal content)",,63.826062,Ores and concentrates (metal content),41.895281,http://resource.geosciml.org/classifier/cgi/commodity-code/copper,2023-01-01 00:00:00,40,149000,Mine production of copper,19941,tonnes (metal content),Production,"copper, mine",,Uzbekistan,,,UZ,Copper,
105.335928,21.894282,VNM,"Copper, refined",Estimates.,105.335928,,21.894282,http://resource.geosciml.org/classifier/cgi/commodity-code/copper,2023-01-01 00:00:00,42,20000,Production of refined copper,928,tonnes (metric),Production,"copper, refined",,Vietnam,,,VN,Copper,*
26.300237,-14.98326,ZMB,"Copper, smelter",Including leach cathodes.,26.300237,,-14.983260,http://resource.geosciml.org/classifier/cgi/commodity-code/copper,2023-01-01 00:00:00,41,648900,Smelter production of copper,850,tonnes (metric),Production,"copper, smelter",,Zambia,,,ZM,Copper,a
26.300237,-14.98326,ZMB,"Copper (mine production, metal content)",,26.300237,Ores and concentrates (metal content),-14.983260,http://resource.geosciml.org/classifier/cgi/commodity-code/copper,2023-01-01 00:00:00,40,698566,Mine production of copper,19941,tonnes (metal content),Production,"copper, mine",,Zambia,,,ZM,Copper,
