Country,Mode,Powertrain,Year,Value,Mass_vehicule,Scenario
Canada,2 and 3 wheelers,BEV,2024,170.0,0.09808569078889517,Current Measures
Canada,Buses,BEV,2024,210.0,5.6752374182090595,Current Measures
Canada,Cars,BEV,2024,190000.0,1.0,Current Measures
Canada,Trucks,BEV,2024,2000.0,3.6892781241792854,Current Measures
Canada,Vans,BEV,2024,11000.0,1.9577507575642077,Current Measures
Canada,Buses,FCEV,2024,13.0,5.6752374182090595,Current Measures
Canada,Cars,FCEV,2024,20.0,1.0,Current Measures
Canada,Trucks,FCEV,2024,6.0,3.6892781241792854,Current Measures
Canada,Cars,PHEV,2024,62000.0,1.0,Current Measures
Canada,Vans,PHEV,2024,6400.0,1.9577507575642077,Current Measures
Canada,2 and 3 wheelers,BEV,2025,243.2677962581561,0.09808569078889517,Current Measures
Canada,Buses,BEV,2025,300.5072777306634,5.6752374182090595,Current Measures
Canada,Cars,BEV,2025,271887.53699440975,1.0,Current Measures
Canada,Trucks,BEV,2025,2861.9740736253657,3.6892781241792854,Current Measures
Canada,Vans,BEV,2025,15740.857404939512,1.9577507575642077,Current Measures
Canada,Buses,FCEV,2025,18.602831478564877,5.6752374182090595,Current Measures
Canada,Cars,FCEV,2025,28.619740736253657,1.0,Current Measures
Canada,Trucks,FCEV,2025,8.585922220876098,3.6892781241792854,Current Measures
Canada,Cars,PHEV,2025,88721.19628238634,1.0,Current Measures
Canada,Vans,PHEV,2025,9158.31703560117,1.9577507575642077,Current Measures
Canada,2 and 3 wheelers,BEV,2026,327.92208241748733,0.09808569078889517,Current Measures
Canada,Buses,BEV,2026,405.08021945689615,5.6752374182090595,Current Measures
Canada,Cars,BEV,2026,366501.15093719173,1.0,Current Measures
Canada,Trucks,BEV,2026,3857.906851970439,3.6892781241792854,Current Measures
Canada,Vans,BEV,2026,21218.487685837415,1.9577507575642077,Current Measures
Canada,Buses,FCEV,2026,25.076394537807857,5.6752374182090595,Current Measures
Canada,Cars,FCEV,2026,38.57906851970439,1.0,Current Measures
Canada,Trucks,FCEV,2026,11.573720555911319,3.6892781241792854,Current Measures
Canada,Cars,PHEV,2026,119595.11241108362,1.0,Current Measures
Canada,Vans,PHEV,2026,12345.301926305407,1.9577507575642077,Current Measures
Canada,2 and 3 wheelers,BEV,2027,416.5631111649561,0.09808569078889517,Current Measures
Canada,Buses,BEV,2027,514.5779608508282,5.6752374182090595,Current Measures
Canada,Cars,BEV,2027,465570.53600789217,1.0,Current Measures
Canada,Trucks,BEV,2027,4900.742484293602,3.6892781241792854,Current Measures
Canada,Vans,BEV,2027,26954.08366361481,1.9577507575642077,Current Measures
Canada,Buses,FCEV,2027,31.854826147908412,5.6752374182090595,Current Measures
Canada,Cars,FCEV,2027,49.00742484293602,1.0,Current Measures
Canada,Trucks,FCEV,2027,14.702227452880805,3.6892781241792854,Current Measures
Canada,Cars,PHEV,2027,151923.01701310166,1.0,Current Measures
Canada,Vans,PHEV,2027,15682.375949739526,1.9577507575642077,Current Measures
Canada,2 and 3 wheelers,BEV,2028,512.018380380415,0.09808569078889517,Current Measures
Canada,Buses,BEV,2028,632.4932934111009,5.6752374182090595,Current Measures
Canada,Cars,BEV,2028,572255.836895758,1.0,Current Measures
Canada,Trucks,BEV,2028,6023.745651534295,3.6892781241792854,Current Measures
Canada,Vans,BEV,2028,33130.601083438625,1.9577507575642077,Current Measures
Canada,Buses,FCEV,2028,39.15434673497292,5.6752374182090595,Current Measures
Canada,Cars,FCEV,2028,60.23745651534295,1.0,Current Measures
Canada,Trucks,FCEV,2028,18.071236954602885,3.6892781241792854,Current Measures
Canada,Cars,PHEV,2028,186736.11519756314,1.0,Current Measures
Canada,Vans,PHEV,2028,19275.986084909742,1.9577507575642077,Current Measures
Canada,2 and 3 wheelers,BEV,2029,615.5692379584278,0.09808569078889517,Current Measures
Canada,Buses,BEV,2029,760.4090586545285,5.6752374182090595,Current Measures
Canada,Cars,BEV,2029,687989.1483064782,1.0,Current Measures
Canada,Trucks,BEV,2029,7241.991034805033,3.6892781241792854,Current Measures
Canada,Vans,BEV,2029,39830.95069142768,1.9577507575642077,Current Measures
Canada,Buses,FCEV,2029,47.07294172623271,5.6752374182090595,Current Measures
Canada,Cars,FCEV,2029,72.41991034805034,1.0,Current Measures
Canada,Trucks,FCEV,2029,21.7259731044151,3.6892781241792854,Current Measures
Canada,Cars,PHEV,2029,224501.72207895602,1.0,Current Measures
Canada,Vans,PHEV,2029,23174.371311376108,1.9577507575642077,Current Measures
Canada,2 and 3 wheelers,BEV,2030,725.7048408591357,0.09808569078889517,Current Measures
Canada,Buses,BEV,2030,896.4589210612853,5.6752374182090595,Current Measures
Canada,Cars,BEV,2030,811081.8809602105,1.0,Current Measures
Canada,Trucks,BEV,2030,8537.70401010748,3.6892781241792854,Current Measures
Canada,Vans,BEV,2030,46957.372055591135,1.9577507575642077,Current Measures
Canada,Buses,FCEV,2030,55.49507606569861,5.6752374182090595,Current Measures
Canada,Cars,FCEV,2030,85.37704010107478,1.0,Current Measures
Canada,Trucks,FCEV,2030,25.613112030322437,3.6892781241792854,Current Measures
Canada,Cars,PHEV,2030,264668.82431333186,1.0,Current Measures
Canada,Vans,PHEV,2030,27320.652832343934,1.9577507575642077,Current Measures
Canada,2 and 3 wheelers,BEV,2031,826.3031551255646,0.09808569078889517,Current Measures
Canada,Buses,BEV,2031,1020.7274269198151,5.6752374182090595,Current Measures
Canada,Cars,BEV,2031,923515.2910226899,1.0,Current Measures
Canada,Trucks,BEV,2031,9721.213589712524,3.6892781241792854,Current Measures
Canada,Vans,BEV,2031,53466.67474341889,1.9577507575642077,Current Measures
Canada,Buses,FCEV,2031,63.18788833313141,5.6752374182090595,Current Measures
Canada,Cars,FCEV,2031,97.21213589712525,1.0,Current Measures
Canada,Trucks,FCEV,2031,29.163640769137572,3.6892781241792854,Current Measures
Canada,Cars,PHEV,2031,301357.6212810883,1.0,Current Measures
Canada,Vans,PHEV,2031,31107.88348708008,1.9577507575642077,Current Measures
Canada,2 and 3 wheelers,BEV,2032,936.853614635075,0.09808569078889517,Current Measures
Canada,Buses,BEV,2032,1157.2897592550928,5.6752374182090595,Current Measures
Canada,Cars,BEV,2032,1047071.6869450839,1.0,Current Measures
Canada,Trucks,BEV,2032,11021.807231000883,3.6892781241792854,Current Measures
Canada,Vans,BEV,2032,60619.939770504854,1.9577507575642077,Current Measures
Canada,Buses,FCEV,2032,71.64174700150573,5.6752374182090595,Current Measures
Canada,Cars,FCEV,2032,110.21807231000884,1.0,Current Measures
Canada,Trucks,FCEV,2032,33.06542169300265,3.6892781241792854,Current Measures
Canada,Cars,PHEV,2032,341676.0241610274,1.0,Current Measures
Canada,Vans,PHEV,2032,35269.783139202824,1.9577507575642077,Current Measures
Canada,2 and 3 wheelers,BEV,2033,1056.485314733727,0.09808569078889517,Current Measures
Canada,Buses,BEV,2033,1305.0700946710742,5.6752374182090595,Current Measures
Canada,Cars,BEV,2033,1180777.7047024006,1.0,Current Measures
Canada,Trucks,BEV,2033,12429.238996867374,3.6892781241792854,Current Measures
Canada,Vans,BEV,2033,68360.81448277055,1.9577507575642077,Current Measures
Canada,Buses,FCEV,2033,80.79005347963793,5.6752374182090595,Current Measures
Canada,Cars,FCEV,2033,124.29238996867375,1.0,Current Measures
Canada,Trucks,FCEV,2033,37.28771699060212,3.6892781241792854,Current Measures
Canada,Cars,PHEV,2033,385306.4089028886,1.0,Current Measures
Canada,Vans,PHEV,2033,39773.5647899756,1.9577507575642077,Current Measures
Canada,2 and 3 wheelers,BEV,2034,1185.0246629398225,0.09808569078889517,Current Measures
Canada,Buses,BEV,2034,1463.8539953962515,5.6752374182090595,Current Measures
Canada,Cars,BEV,2034,1324439.329168037,1.0,Current Measures
Canada,Trucks,BEV,2034,13941.466622821443,3.6892781241792854,Current Measures
Canada,Vans,BEV,2034,76678.06642551793,1.9577507575642077,Current Measures
Canada,Buses,FCEV,2034,90.61953304833938,5.6752374182090595,Current Measures
Canada,Cars,FCEV,2034,139.41466622821443,1.0,Current Measures
Canada,Trucks,FCEV,2034,41.824399868464326,3.6892781241792854,Current Measures
Canada,Cars,PHEV,2034,432185.4653074647,1.0,Current Measures
Canada,Vans,PHEV,2034,44612.693193028615,1.9577507575642077,Current Measures
Canada,2 and 3 wheelers,BEV,2035,1320.9740563180394,0.09808569078889517,Current Measures
Canada,Buses,BEV,2035,1631.7914813340487,5.6752374182090595,Current Measures
Canada,Cars,BEV,2035,1476382.7688260442,1.0,Current Measures
Canada,Trucks,BEV,2035,15540.871250800465,3.6892781241792854,Current Measures
Canada,Vans,BEV,2035,85474.79187940255,1.9577507575642077,Current Measures
Canada,Buses,FCEV,2035,101.01566313020302,5.6752374182090595,Current Measures
Canada,Cars,FCEV,2035,155.40871250800464,1.0,Current Measures
Canada,Trucks,FCEV,2035,46.62261375240139,3.6892781241792854,Current Measures
Canada,Cars,PHEV,2035,481767.00877481437,1.0,Current Measures
Canada,Vans,PHEV,2035,49730.78800256149,1.9577507575642077,Current Measures
Canada,2 and 3 wheelers,BEV,2036,1459.4890877308367,0.09808569078889517,Current Measures
Canada,Buses,BEV,2036,1802.8982848439746,5.6752374182090595,Current Measures
Canada,Cars,BEV,2036,1631193.6862874057,1.0,Current Measures
Canada,Trucks,BEV,2036,17170.4598556569,3.6892781241792854,Current Measures
Canada,Vans,BEV,2036,94437.52920611296,1.9577507575642077,Current Measures
Canada,Buses,FCEV,2036,111.60798906176986,5.6752374182090595,Current Measures
Canada,Cars,FCEV,2036,171.704598556569,1.0,Current Measures
Canada,Trucks,FCEV,2036,51.5113795669707,3.6892781241792854,Current Measures
Canada,Cars,PHEV,2036,532284.255525364,1.0,Current Measures
Canada,Vans,PHEV,2036,54945.47153810208,1.9577507575642077,Current Measures
Canada,2 and 3 wheelers,BEV,2037,1600.2431679329861,0.09808569078889517,Current Measures
Canada,Buses,BEV,2037,1976.7709721525123,5.6752374182090595,Current Measures
Canada,Cars,BEV,2037,1788507.0700427492,1.0,Current Measures
Canada,Trucks,BEV,2037,18826.390210976308,3.6892781241792854,Current Measures
Canada,Vans,BEV,2037,103545.14616036968,1.9577507575642077,Current Measures
Canada,Buses,FCEV,2037,122.371536371346,5.6752374182090595,Current Measures
Canada,Cars,FCEV,2037,188.26390210976308,1.0,Current Measures
Canada,Trucks,FCEV,2037,56.47917063292892,3.6892781241792854,Current Measures
Canada,Cars,PHEV,2037,583618.0965402655,1.0,Current Measures
Canada,Vans,PHEV,2037,60244.44867512418,1.9577507575642077,Current Measures
Canada,2 and 3 wheelers,BEV,2038,1742.6816836566918,0.09808569078889517,Current Measures
Canada,Buses,BEV,2038,2152.724432752384,5.6752374182090595,Current Measures
Canada,Cars,BEV,2038,1947703.058204538,1.0,Current Measures
Canada,Trucks,BEV,2038,20502.13745478461,3.6892781241792854,Current Measures
Canada,Vans,BEV,2038,112761.75600131536,1.9577507575642077,Current Measures
Canada,Buses,FCEV,2038,133.26389345609996,5.6752374182090595,Current Measures
Canada,Cars,FCEV,2038,205.0213745478461,1.0,Current Measures
Canada,Trucks,FCEV,2038,61.50641236435383,3.6892781241792854,Current Measures
Canada,Cars,PHEV,2038,635566.2610983229,1.0,Current Measures
Canada,Vans,PHEV,2038,65606.83985531075,1.9577507575642077,Current Measures
Canada,2 and 3 wheelers,BEV,2039,1886.0190553661364,0.09808569078889517,Current Measures
Canada,Buses,BEV,2039,2329.7882448640507,5.6752374182090595,Current Measures
Canada,Cars,BEV,2039,2107903.6501150937,1.0,Current Measures
Canada,Trucks,BEV,2039,22188.459474895724,3.6892781241792854,Current Measures
Canada,Vans,BEV,2039,122036.52711192648,1.9577507575642077,Current Measures
Canada,Buses,FCEV,2039,144.22498658682218,5.6752374182090595,Current Measures
Canada,Cars,FCEV,2039,221.88459474895723,1.0,Current Measures
Canada,Trucks,FCEV,2039,66.56537842468717,3.6892781241792854,Current Measures
Canada,Cars,PHEV,2039,687842.2437217674,1.0,Current Measures
Canada,Vans,PHEV,2039,71003.07031966631,1.9577507575642077,Current Measures
Canada,2 and 3 wheelers,BEV,2040,2029.3476003392236,0.09808569078889517,Current Measures
Canada,Buses,BEV,2040,2506.8411533602175,5.6752374182090595,Current Measures
Canada,Cars,BEV,2040,2268094.3768497207,1.0,Current Measures
Canada,Trucks,BEV,2040,23874.67765104969,3.6892781241792854,Current Measures
Canada,Vans,BEV,2040,131310.7270807733,1.9577507575642077,Current Measures
Canada,Buses,FCEV,2040,155.18540473182298,5.6752374182090595,Current Measures
Canada,Cars,FCEV,2040,238.74677651049691,1.0,Current Measures
Canada,Trucks,FCEV,2040,71.62403295314907,3.6892781241792854,Current Measures
Canada,Cars,PHEV,2040,740115.0071825404,1.0,Current Measures
Canada,Vans,PHEV,2040,76398.96848335901,1.9577507575642077,Current Measures
Canada,2 and 3 wheelers,BEV,2041,2163.297737932467,0.09808569078889517,Current Measures
Canada,Buses,BEV,2041,2672.308970387165,5.6752374182090595,Current Measures
Canada,Cars,BEV,2041,2417803.354159816,1.0,Current Measures
Canada,Trucks,BEV,2041,25450.561622734906,3.6892781241792854,Current Measures
Canada,Vans,BEV,2041,139978.088925042,1.9577507575642077,Current Measures
Canada,Buses,FCEV,2041,165.4286505477769,5.6752374182090595,Current Measures
Canada,Cars,FCEV,2041,254.50561622734907,1.0,Current Measures
Canada,Trucks,FCEV,2041,76.35168486820471,3.6892781241792854,Current Measures
Canada,Cars,PHEV,2041,788967.4103047821,1.0,Current Measures
Canada,Vans,PHEV,2041,81441.79719275169,1.9577507575642077,Current Measures
Canada,2 and 3 wheelers,BEV,2042,2288.4888108136174,0.09808569078889517,Current Measures
Canada,Buses,BEV,2042,2826.9567662991744,5.6752374182090595,Current Measures
Canada,Cars,BEV,2042,2557722.788556396,1.0,Current Measures
Canada,Trucks,BEV,2042,26923.39777427785,3.6892781241792854,Current Measures
Canada,Vans,BEV,2042,148078.6877585282,1.9577507575642077,Current Measures
Canada,Buses,FCEV,2042,175.00208553280603,5.6752374182090595,Current Measures
Canada,Cars,FCEV,2042,269.2339777427785,1.0,Current Measures
Canada,Trucks,FCEV,2042,80.77019332283356,3.6892781241792854,Current Measures
Canada,Cars,PHEV,2042,834625.3310026134,1.0,Current Measures
Canada,Vans,PHEV,2042,86154.87287768912,1.9577507575642077,Current Measures
Canada,2 and 3 wheelers,BEV,2043,2405.3091953824055,0.09808569078889517,Current Measures
Canada,Buses,BEV,2043,2971.264300178266,5.6752374182090595,Current Measures
Canada,Cars,BEV,2043,2688286.7477803356,1.0,Current Measures
Canada,Trucks,BEV,2043,28297.755239793005,3.6892781241792854,Current Measures
Canada,Vans,BEV,2043,155637.65381886152,1.9577507575642077,Current Measures
Canada,Buses,FCEV,2043,183.93540905865453,5.6752374182090595,Current Measures
Canada,Cars,FCEV,2043,282.97755239793,1.0,Current Measures
Canada,Trucks,FCEV,2043,84.89326571937902,3.6892781241792854,Current Measures
Canada,Cars,PHEV,2043,877230.4124335832,1.0,Current Measures
Canada,Vans,PHEV,2043,90552.81676733762,1.9577507575642077,Current Measures
Canada,2 and 3 wheelers,BEV,2044,2514.531231070112,0.09808569078889517,Current Measures
Canada,Buses,BEV,2044,3106.1856383807267,5.6752374182090595,Current Measures
Canada,Cars,BEV,2044,2810358.434725419,1.0,Current Measures
Canada,Trucks,BEV,2044,29582.720365530728,3.6892781241792854,Current Measures
Canada,Vans,BEV,2044,162704.96201041903,1.9577507575642077,Current Measures
Canada,Buses,FCEV,2044,192.28768237594974,5.6752374182090595,Current Measures
Canada,Cars,FCEV,2044,295.8272036553073,1.0,Current Measures
Canada,Trucks,FCEV,2044,88.74816109659218,3.6892781241792854,Current Measures
Canada,Cars,PHEV,2044,917064.3313314526,1.0,Current Measures
Canada,Vans,PHEV,2044,94664.70516969834,1.9577507575642077,Current Measures
Canada,2 and 3 wheelers,BEV,2045,2616.594783571886,0.09808569078889517,Current Measures
Canada,Buses,BEV,2045,3232.26414441233,5.6752374182090595,Current Measures
Canada,Cars,BEV,2045,2924429.463992108,1.0,Current Measures
Canada,Trucks,BEV,2045,30783.46804202219,3.6892781241792854,Current Measures
Canada,Vans,BEV,2045,169309.07423112204,1.9577507575642077,Current Measures
Canada,Buses,FCEV,2045,200.09254227314423,5.6752374182090595,Current Measures
Canada,Cars,FCEV,2045,307.8346804202219,1.0,Current Measures
Canada,Trucks,FCEV,2045,92.35040412606656,3.6892781241792854,Current Measures
Canada,Cars,PHEV,2045,954287.5093026878,1.0,Current Measures
Canada,Vans,PHEV,2045,98507.09773447101,1.9577507575642077,Current Measures
Canada,2 and 3 wheelers,BEV,2046,2712.5428789006387,0.09808569078889517,Current Measures
Canada,Buses,BEV,2046,3350.7882621713775,5.6752374182090595,Current Measures
Canada,Cars,BEV,2046,3031665.570536008,1.0,Current Measures
Canada,Trucks,BEV,2046,31912.269163536926,3.6892781241792854,Current Measures
Canada,Vans,BEV,2046,175517.48039945308,1.9577507575642077,Current Measures
Canada,Buses,FCEV,2046,207.42974956299003,5.6752374182090595,Current Measures
Canada,Cars,FCEV,2046,319.1226916353693,1.0,Current Measures
Canada,Trucks,FCEV,2046,95.73680749061077,3.6892781241792854,Current Measures
Canada,Cars,PHEV,2046,989280.3440696447,1.0,Current Measures
Canada,Vans,PHEV,2046,102119.26132331816,1.9577507575642077,Current Measures
Canada,2 and 3 wheelers,BEV,2047,2802.7815469288153,0.09808569078889517,Current Measures
Canada,Buses,BEV,2047,3462.259557970889,5.6752374182090595,Current Measures
Canada,Cars,BEV,2047,3132520.552449852,1.0,Current Measures
Canada,Trucks,BEV,2047,32973.90055210371,3.6892781241792854,Current Measures
Canada,Vans,BEV,2047,181356.4530365704,1.9577507575642077,Current Measures
Canada,Buses,FCEV,2047,214.3303535886741,5.6752374182090595,Current Measures
Canada,Cars,FCEV,2047,329.7390055210371,1.0,Current Measures
Canada,Trucks,FCEV,2047,98.92170165631111,3.6892781241792854,Current Measures
Canada,Cars,PHEV,2047,1022190.917115215,1.0,Current Measures
Canada,Vans,PHEV,2047,105516.48176673186,1.9577507575642077,Current Measures
Canada,2 and 3 wheelers,BEV,2048,2887.7712490697313,0.09808569078889517,Current Measures
Canada,Buses,BEV,2048,3567.246837086139,5.6752374182090595,Current Measures
Canada,Cars,BEV,2048,3227509.043077935,1.0,Current Measures
Canada,Trucks,BEV,2048,33973.77940082037,3.6892781241792854,Current Measures
Canada,Vans,BEV,2048,186855.78670451202,1.9577507575642077,Current Measures
Canada,Buses,FCEV,2048,220.8295661053324,5.6752374182090595,Current Measures
Canada,Cars,FCEV,2048,339.7377940082037,1.0,Current Measures
Canada,Trucks,FCEV,2048,101.9213382024611,3.6892781241792854,Current Measures
Canada,Cars,PHEV,2048,1053187.1614254315,1.0,Current Measures
Canada,Vans,PHEV,2048,108716.09408262518,1.9577507575642077,Current Measures
Canada,2 and 3 wheelers,BEV,2049,2967.845930182246,0.09808569078889517,Current Measures
Canada,Buses,BEV,2049,3666.162619636892,5.6752374182090595,Current Measures
Canada,Cars,BEV,2049,3317004.274909569,1.0,Current Measures
Canada,Trucks,BEV,2049,34915.834472732306,3.6892781241792854,Current Measures
Canada,Vans,BEV,2049,192037.08960002768,1.9577507575642077,Current Measures
Canada,Buses,FCEV,2049,226.95292407276,5.6752374182090595,Current Measures
Canada,Cars,FCEV,2049,349.1583447273231,1.0,Current Measures
Canada,Trucks,FCEV,2049,104.74750341819691,3.6892781241792854,Current Measures
Canada,Cars,PHEV,2049,1082390.8686547016,1.0,Current Measures
Canada,Vans,PHEV,2049,111730.67031274339,1.9577507575642077,Current Measures
Canada,2 and 3 wheelers,BEV,2050,3043.2689212343585,0.09808569078889517,Current Measures
Canada,Buses,BEV,2050,3759.3321968189134,5.6752374182090595,Current Measures
Canada,Cars,BEV,2050,3401300.5590266357,1.0,Current Measures
Canada,Trucks,BEV,2050,35803.16377922775,3.6892781241792854,Current Measures
Canada,Vans,BEV,2050,196917.4007857526,1.9577507575642077,Current Measures
Canada,Buses,FCEV,2050,232.72056456498035,5.6752374182090595,Current Measures
Canada,Cars,FCEV,2050,358.0316377922775,1.0,Current Measures
Canada,Trucks,FCEV,2050,107.40949133768324,3.6892781241792854,Current Measures
Canada,Cars,PHEV,2050,1109898.0771560601,1.0,Current Measures
Canada,Vans,PHEV,2050,114570.12409352878,1.9577507575642077,Current Measures
Canada,2 and 3 wheelers,BEV,2024,170.0,0.09808569078889517,Canada Net-zero
Canada,Buses,BEV,2024,210.0,5.6752374182090595,Canada Net-zero
Canada,Cars,BEV,2024,190000.0,1.0,Canada Net-zero
Canada,Trucks,BEV,2024,2000.0,3.6892781241792854,Canada Net-zero
Canada,Vans,BEV,2024,11000.0,1.9577507575642077,Canada Net-zero
Canada,Buses,FCEV,2024,13.0,5.6752374182090595,Canada Net-zero
Canada,Cars,FCEV,2024,20.0,1.0,Canada Net-zero
Canada,Trucks,FCEV,2024,6.0,3.6892781241792854,Canada Net-zero
Canada,Cars,PHEV,2024,62000.0,1.0,Canada Net-zero
Canada,Vans,PHEV,2024,6400.0,1.9577507575642077,Canada Net-zero
Canada,2 and 3 wheelers,BEV,2025,270.0108876383884,0.09808569078889517,Canada Net-zero
Canada,Buses,BEV,2025,333.54286120036215,5.6752374182090595,Canada Net-zero
Canada,Cars,BEV,2025,301776.87441937526,1.0,Canada Net-zero
Canada,Trucks,BEV,2025,3176.5986780986873,3.6892781241792854,Canada Net-zero
Canada,Vans,BEV,2025,17471.29272954278,1.9577507575642077,Canada Net-zero
Canada,Buses,FCEV,2025,20.647891407641467,5.6752374182090595,Canada Net-zero
Canada,Cars,FCEV,2025,31.76598678098687,1.0,Canada Net-zero
Canada,Trucks,FCEV,2025,9.529796034296062,3.6892781241792854,Canada Net-zero
Canada,Cars,PHEV,2025,98474.5590210593,1.0,Canada Net-zero
Canada,Vans,PHEV,2025,10165.1157699158,1.9577507575642077,Canada Net-zero
Canada,2 and 3 wheelers,BEV,2026,418.67022881792207,0.09808569078889517,Canada Net-zero
Canada,Buses,BEV,2026,517.1808708927273,5.6752374182090595,Canada Net-zero
Canada,Cars,BEV,2026,467925.5498553247,1.0,Canada Net-zero
Canada,Trucks,BEV,2026,4925.532103740259,3.6892781241792854,Canada Net-zero
Canada,Vans,BEV,2026,27090.426570571428,1.9577507575642077,Canada Net-zero
Canada,Buses,FCEV,2026,32.01595867431169,5.6752374182090595,Canada Net-zero
Canada,Cars,FCEV,2026,49.255321037402595,1.0,Canada Net-zero
Canada,Trucks,FCEV,2026,14.776596311220779,3.6892781241792854,Canada Net-zero
Canada,Cars,PHEV,2026,152691.49521594803,1.0,Canada Net-zero
Canada,Vans,PHEV,2026,15761.702731968831,1.9577507575642077,Canada Net-zero
Canada,2 and 3 wheelers,BEV,2027,636.9776744241091,0.09808569078889517,Canada Net-zero
Canada,Buses,BEV,2027,786.8547742886053,5.6752374182090595,Canada Net-zero
Canada,Cars,BEV,2027,711916.2243563571,1.0,Canada Net-zero
Canada,Trucks,BEV,2027,7493.8549932248125,3.6892781241792854,Canada Net-zero
Canada,Vans,BEV,2027,41216.202462736466,1.9577507575642077,Canada Net-zero
Canada,Buses,FCEV,2027,48.710057455961284,5.6752374182090595,Canada Net-zero
Canada,Cars,FCEV,2027,74.93854993224812,1.0,Canada Net-zero
Canada,Trucks,FCEV,2027,22.481564979674438,3.6892781241792854,Canada Net-zero
Canada,Cars,PHEV,2027,232309.50478996919,1.0,Canada Net-zero
Canada,Vans,PHEV,2027,23980.3359783194,1.9577507575642077,Canada Net-zero
Canada,2 and 3 wheelers,BEV,2028,901.4469316386487,0.09808569078889517,Canada Net-zero
Canada,Buses,BEV,2028,1113.5520920242132,5.6752374182090595,Canada Net-zero
Canada,Cars,BEV,2028,1007499.511831431,1.0,Canada Net-zero
Canada,Trucks,BEV,2028,10605.25801927822,3.6892781241792854,Canada Net-zero
Canada,Vans,BEV,2028,58328.91910603022,1.9577507575642077,Canada Net-zero
Canada,Buses,FCEV,2028,68.93417712530844,5.6752374182090595,Canada Net-zero
Canada,Cars,FCEV,2028,106.05258019278222,1.0,Canada Net-zero
Canada,Trucks,FCEV,2028,31.815774057834663,3.6892781241792854,Canada Net-zero
Canada,Cars,PHEV,2028,328762.9985976248,1.0,Canada Net-zero
Canada,Vans,PHEV,2028,33936.82566169031,1.9577507575642077,Canada Net-zero
Canada,2 and 3 wheelers,BEV,2029,1212.3777655489087,0.09808569078889517,Canada Net-zero
Canada,Buses,BEV,2029,1497.6431221486519,5.6752374182090595,Canada Net-zero
Canada,Cars,BEV,2029,1355010.4438487804,1.0,Canada Net-zero
Canada,Trucks,BEV,2029,14263.26782998716,3.6892781241792854,Canada Net-zero
Canada,Vans,BEV,2029,78447.97306492938,1.9577507575642077,Canada Net-zero
Canada,Buses,FCEV,2029,92.71124089491654,5.6752374182090595,Canada Net-zero
Canada,Cars,FCEV,2029,142.6326782998716,1.0,Canada Net-zero
Canada,Trucks,FCEV,2029,42.789803489961486,3.6892781241792854,Canada Net-zero
Canada,Cars,PHEV,2029,442161.302729602,1.0,Canada Net-zero
Canada,Vans,PHEV,2029,45642.45705595891,1.9577507575642077,Canada Net-zero
Canada,2 and 3 wheelers,BEV,2030,1542.5388315907194,0.09808569078889517,Canada Net-zero
Canada,Buses,BEV,2030,1905.489144906183,5.6752374182090595,Canada Net-zero
Canada,Cars,BEV,2030,1724013.9882484511,1.0,Canada Net-zero
Canada,Trucks,BEV,2030,18147.51566577317,3.6892781241792854,Canada Net-zero
Canada,Vans,BEV,2030,99811.33616175244,1.9577507575642077,Canada Net-zero
Canada,Buses,FCEV,2030,117.9588518275256,5.6752374182090595,Canada Net-zero
Canada,Cars,FCEV,2030,181.4751566577317,1.0,Canada Net-zero
Canada,Trucks,FCEV,2030,54.44254699731951,3.6892781241792854,Canada Net-zero
Canada,Cars,PHEV,2030,562572.9856389683,1.0,Canada Net-zero
Canada,Vans,PHEV,2030,58072.05013047415,1.9577507575642077,Canada Net-zero
Canada,2 and 3 wheelers,BEV,2031,1899.1053793217714,0.09808569078889517,Canada Net-zero
Canada,Buses,BEV,2031,2345.9537038680705,5.6752374182090595,Canada Net-zero
Canada,Cars,BEV,2031,2122529.5415949207,1.0,Canada Net-zero
Canada,Trucks,BEV,2031,22342.416227314956,3.6892781241792854,Canada Net-zero
Canada,Vans,BEV,2031,122883.28925023226,1.9577507575642077,Canada Net-zero
Canada,Buses,FCEV,2031,145.22570547754722,5.6752374182090595,Canada Net-zero
Canada,Cars,FCEV,2031,223.42416227314956,1.0,Canada Net-zero
Canada,Trucks,FCEV,2031,67.02724868194487,3.6892781241792854,Canada Net-zero
Canada,Cars,PHEV,2031,692614.9030467636,1.0,Canada Net-zero
Canada,Vans,PHEV,2031,71495.73192740786,1.9577507575642077,Canada Net-zero
Canada,2 and 3 wheelers,BEV,2032,2286.967200989355,0.09808569078889517,Canada Net-zero
Canada,Buses,BEV,2032,2825.0771306339093,5.6752374182090595,Canada Net-zero
Canada,Cars,BEV,2032,2556022.1658116323,1.0,Canada Net-zero
Canada,Trucks,BEV,2032,26905.496482227707,3.6892781241792854,Canada Net-zero
Canada,Vans,BEV,2032,147980.2306522524,1.9577507575642077,Canada Net-zero
Canada,Buses,FCEV,2032,174.8857271344801,5.6752374182090595,Canada Net-zero
Canada,Cars,FCEV,2032,269.0549648222771,1.0,Canada Net-zero
Canada,Trucks,FCEV,2032,80.71648944668313,3.6892781241792854,Canada Net-zero
Canada,Cars,PHEV,2032,834070.3909490589,1.0,Canada Net-zero
Canada,Vans,PHEV,2032,86097.58874312867,1.9577507575642077,Canada Net-zero
Canada,2 and 3 wheelers,BEV,2033,2696.2883804046182,0.09808569078889517,Canada Net-zero
Canada,Buses,BEV,2033,3330.70917579394,5.6752374182090595,Canada Net-zero
Canada,Cars,BEV,2033,3013498.778099279,1.0,Canada Net-zero
Canada,Trucks,BEV,2033,31721.039769466097,3.6892781241792854,Canada Net-zero
Canada,Vans,BEV,2033,174465.7187320635,1.9577507575642077,Canada Net-zero
Canada,Buses,FCEV,2033,206.18675850152962,5.6752374182090595,Canada Net-zero
Canada,Cars,FCEV,2033,317.21039769466097,1.0,Canada Net-zero
Canada,Trucks,FCEV,2033,95.16311930839828,3.6892781241792854,Canada Net-zero
Canada,Cars,PHEV,2033,983352.232853449,1.0,Canada Net-zero
Canada,Vans,PHEV,2033,101507.32726229151,1.9577507575642077,Canada Net-zero
Canada,2 and 3 wheelers,BEV,2034,3120.600831957586,0.09808569078889517,Canada Net-zero
Canada,Buses,BEV,2034,3854.8598512417234,5.6752374182090595,Canada Net-zero
Canada,Cars,BEV,2034,3487730.3415996544,1.0,Canada Net-zero
Canada,Trucks,BEV,2034,36712.95096420689,3.6892781241792854,Canada Net-zero
Canada,Vans,BEV,2034,201921.23030313788,1.9577507575642077,Canada Net-zero
Canada,Buses,FCEV,2034,238.6341812673448,5.6752374182090595,Canada Net-zero
Canada,Cars,FCEV,2034,367.1295096420689,1.0,Canada Net-zero
Canada,Trucks,FCEV,2034,110.13885289262066,3.6892781241792854,Canada Net-zero
Canada,Cars,PHEV,2034,1138101.4798904136,1.0,Canada Net-zero
Canada,Vans,PHEV,2034,117481.44308546204,1.9577507575642077,Canada Net-zero
Canada,2 and 3 wheelers,BEV,2035,3504.9057095012404,0.09808569078889517,Canada Net-zero
Canada,Buses,BEV,2035,4329.589405854474,5.6752374182090595,Canada Net-zero
Canada,Cars,BEV,2035,3917247.5576778566,1.0,Canada Net-zero
Canada,Trucks,BEV,2035,41234.18481766165,3.6892781241792854,Canada Net-zero
Canada,Vans,BEV,2035,226788.01649713906,1.9577507575642077,Canada Net-zero
Canada,Buses,FCEV,2035,268.0222013148007,5.6752374182090595,Canada Net-zero
Canada,Cars,FCEV,2035,412.3418481766165,1.0,Canada Net-zero
Canada,Trucks,FCEV,2035,123.70255445298494,3.6892781241792854,Canada Net-zero
Canada,Cars,PHEV,2035,1278259.7293475112,1.0,Canada Net-zero
Canada,Vans,PHEV,2035,131949.3914165173,1.9577507575642077,Canada Net-zero
Canada,2 and 3 wheelers,BEV,2036,3928.340996100569,0.09808569078889517,Canada Net-zero
Canada,Buses,BEV,2036,4852.65652459482,5.6752374182090595,Canada Net-zero
Canada,Cars,BEV,2036,4390498.760347695,1.0,Canada Net-zero
Canada,Trucks,BEV,2036,46215.77642471258,3.6892781241792854,Canada Net-zero
Canada,Vans,BEV,2036,254186.7703359192,1.9577507575642077,Canada Net-zero
Canada,Buses,FCEV,2036,300.40254676063176,5.6752374182090595,Canada Net-zero
Canada,Cars,FCEV,2036,462.1577642471258,1.0,Canada Net-zero
Canada,Trucks,FCEV,2036,138.64732927413775,3.6892781241792854,Canada Net-zero
Canada,Cars,PHEV,2036,1432689.0691660899,1.0,Canada Net-zero
Canada,Vans,PHEV,2036,147890.48455908024,1.9577507575642077,Canada Net-zero
Canada,2 and 3 wheelers,BEV,2037,4344.210734974763,0.09808569078889517,Canada Net-zero
Canada,Buses,BEV,2037,5366.377966733531,5.6752374182090595,Canada Net-zero
Canada,Cars,BEV,2037,4855294.350854147,1.0,Canada Net-zero
Canada,Trucks,BEV,2037,51108.36158793839,3.6892781241792854,Canada Net-zero
Canada,Vans,BEV,2037,281095.9887336611,1.9577507575642077,Canada Net-zero
Canada,Buses,FCEV,2037,332.2043503215995,5.6752374182090595,Canada Net-zero
Canada,Cars,FCEV,2037,511.0836158793839,1.0,Canada Net-zero
Canada,Trucks,FCEV,2037,153.32508476381517,3.6892781241792854,Canada Net-zero
Canada,Cars,PHEV,2037,1584359.20922609,1.0,Canada Net-zero
Canada,Vans,PHEV,2037,163546.75708140284,1.9577507575642077,Canada Net-zero
Canada,2 and 3 wheelers,BEV,2038,4746.018674666714,0.09808569078889517,Canada Net-zero
Canada,Buses,BEV,2038,5862.728951058883,5.6752374182090595,Canada Net-zero
Canada,Cars,BEV,2038,5304373.812862799,1.0,Canada Net-zero
Canada,Trucks,BEV,2038,55835.5138196084,3.6892781241792854,Canada Net-zero
Canada,Vans,BEV,2038,307095.3260078462,1.9577507575642077,Canada Net-zero
Canada,Buses,FCEV,2038,362.93083982745463,5.6752374182090595,Canada Net-zero
Canada,Cars,FCEV,2038,558.355138196084,1.0,Canada Net-zero
Canada,Trucks,FCEV,2038,167.5065414588252,3.6892781241792854,Canada Net-zero
Canada,Cars,PHEV,2038,1730900.9284078605,1.0,Canada Net-zero
Canada,Vans,PHEV,2038,178673.6442227469,1.9577507575642077,Canada Net-zero
Canada,2 and 3 wheelers,BEV,2039,5131.050834620323,0.09808569078889517,Canada Net-zero
Canada,Buses,BEV,2039,6338.356913354517,5.6752374182090595,Canada Net-zero
Canada,Cars,BEV,2039,5734703.87398742,1.0,Canada Net-zero
Canada,Trucks,BEV,2039,60365.303936709686,3.6892781241792854,Canada Net-zero
Canada,Vans,BEV,2039,332009.17165190325,1.9577507575642077,Canada Net-zero
Canada,Buses,FCEV,2039,392.37447558861294,5.6752374182090595,Canada Net-zero
Canada,Cars,FCEV,2039,603.6530393670969,1.0,Canada Net-zero
Canada,Trucks,FCEV,2039,181.09591181012905,3.6892781241792854,Canada Net-zero
Canada,Cars,PHEV,2039,1871324.4220380003,1.0,Canada Net-zero
Canada,Vans,PHEV,2039,193168.972597471,1.9577507575642077,Canada Net-zero
Canada,2 and 3 wheelers,BEV,2040,5501.300954443518,0.09808569078889517,Canada Net-zero
Canada,Buses,BEV,2040,6795.724708430228,5.6752374182090595,Canada Net-zero
Canada,Cars,BEV,2040,6148512.8314368725,1.0,Canada Net-zero
Canada,Trucks,BEV,2040,64721.1876993355,3.6892781241792854,Canada Net-zero
Canada,Vans,BEV,2040,355966.53234634525,1.9577507575642077,Canada Net-zero
Canada,Buses,FCEV,2040,420.68772004568075,5.6752374182090595,Canada Net-zero
Canada,Cars,FCEV,2040,647.211876993355,1.0,Canada Net-zero
Canada,Trucks,FCEV,2040,194.1635630980065,3.6892781241792854,Canada Net-zero
Canada,Cars,PHEV,2040,2006356.8186794005,1.0,Canada Net-zero
Canada,Vans,PHEV,2040,207107.80063787362,1.9577507575642077,Canada Net-zero
Canada,2 and 3 wheelers,BEV,2041,5854.1003201202375,0.09808569078889517,Canada Net-zero
Canada,Buses,BEV,2041,7231.535689560294,5.6752374182090595,Canada Net-zero
Canada,Cars,BEV,2041,6542818.004840266,1.0,Canada Net-zero
Canada,Trucks,BEV,2041,68871.7684720028,3.6892781241792854,Canada Net-zero
Canada,Vans,BEV,2041,378794.7265960154,1.9577507575642077,Canada Net-zero
Canada,Buses,FCEV,2041,447.6664950680182,5.6752374182090595,Canada Net-zero
Canada,Cars,FCEV,2041,688.717684720028,1.0,Canada Net-zero
Canada,Trucks,FCEV,2041,206.6153054160084,3.6892781241792854,Canada Net-zero
Canada,Cars,PHEV,2041,2135024.822632087,1.0,Canada Net-zero
Canada,Vans,PHEV,2041,220389.65911040895,1.9577507575642077,Canada Net-zero
Canada,2 and 3 wheelers,BEV,2042,6178.169515795952,0.09808569078889517,Canada Net-zero
Canada,Buses,BEV,2042,7631.856460689117,5.6752374182090595,Canada Net-zero
Canada,Cars,BEV,2042,6905012.988242534,1.0,Canada Net-zero
Canada,Trucks,BEV,2042,72684.34724465826,3.6892781241792854,Canada Net-zero
Canada,Vans,BEV,2042,399763.9098456204,1.9577507575642077,Canada Net-zero
Canada,Buses,FCEV,2042,472.4482570902787,5.6752374182090595,Canada Net-zero
Canada,Cars,FCEV,2042,726.8434724465826,1.0,Canada Net-zero
Canada,Trucks,FCEV,2042,218.05304173397477,3.6892781241792854,Canada Net-zero
Canada,Cars,PHEV,2042,2253214.764584406,1.0,Canada Net-zero
Canada,Vans,PHEV,2042,232589.91118290642,1.9577507575642077,Canada Net-zero
Canada,2 and 3 wheelers,BEV,2043,6483.621086515305,0.09808569078889517,Canada Net-zero
Canada,Buses,BEV,2043,8009.178989224789,5.6752374182090595,Canada Net-zero
Canada,Cars,BEV,2043,7246400.037870048,1.0,Canada Net-zero
Canada,Trucks,BEV,2043,76277.89513547419,3.6892781241792854,Canada Net-zero
Canada,Vans,BEV,2043,419528.423245108,1.9577507575642077,Canada Net-zero
Canada,Buses,FCEV,2043,495.8063183805822,5.6752374182090595,Canada Net-zero
Canada,Cars,FCEV,2043,762.7789513547418,1.0,Canada Net-zero
Canada,Trucks,FCEV,2043,228.83368540642255,3.6892781241792854,Canada Net-zero
Canada,Cars,PHEV,2043,2364614.7491996996,1.0,Canada Net-zero
Canada,Vans,PHEV,2043,244089.26443351738,1.9577507575642077,Canada Net-zero
Canada,2 and 3 wheelers,BEV,2044,6768.6906431399,0.09808569078889517,Canada Net-zero
Canada,Buses,BEV,2044,8361.323735643407,5.6752374182090595,Canada Net-zero
Canada,Cars,BEV,2044,7565007.189391654,1.0,Canada Net-zero
Canada,Trucks,BEV,2044,79631.6546251753,3.6892781241792854,Canada Net-zero
Canada,Vans,BEV,2044,437974.10043846414,1.9577507575642077,Canada Net-zero
Canada,Buses,FCEV,2044,517.6057550636394,5.6752374182090595,Canada Net-zero
Canada,Cars,FCEV,2044,796.316546251753,1.0,Canada Net-zero
Canada,Trucks,FCEV,2044,238.8949638755259,3.6892781241792854,Canada Net-zero
Canada,Cars,PHEV,2044,2468581.293380434,1.0,Canada Net-zero
Canada,Vans,PHEV,2044,254821.29480056095,1.9577507575642077,Canada Net-zero
Canada,2 and 3 wheelers,BEV,2045,7039.410706572229,0.09808569078889517,Canada Net-zero
Canada,Buses,BEV,2045,8695.7426375304,5.6752374182090595,Canada Net-zero
Canada,Cars,BEV,2045,7867576.672051314,1.0,Canada Net-zero
Canada,Trucks,BEV,2045,82816.59654790857,3.6892781241792854,Canada Net-zero
Canada,Vans,BEV,2045,455491.28101349715,1.9577507575642077,Canada Net-zero
Canada,Buses,FCEV,2045,538.3078775614057,5.6752374182090595,Canada Net-zero
Canada,Cars,FCEV,2045,828.1659654790858,1.0,Canada Net-zero
Canada,Trucks,FCEV,2045,248.44978964372572,3.6892781241792854,Canada Net-zero
Canada,Cars,PHEV,2045,2567314.4929851657,1.0,Canada Net-zero
Canada,Vans,PHEV,2045,265013.10895330744,1.9577507575642077,Canada Net-zero
Canada,2 and 3 wheelers,BEV,2046,7297.439038100818,0.09808569078889517,Canada Net-zero
Canada,Buses,BEV,2046,9014.483517653951,5.6752374182090595,Canada Net-zero
Canada,Cars,BEV,2046,8155961.277877385,1.0,Canada Net-zero
Canada,Trucks,BEV,2046,85852.22397765667,3.6892781241792854,Canada Net-zero
Canada,Vans,BEV,2046,472187.2318771117,1.9577507575642077,Canada Net-zero
Canada,Buses,FCEV,2046,558.0394558547684,5.6752374182090595,Canada Net-zero
Canada,Cars,FCEV,2046,858.5222397765667,1.0,Canada Net-zero
Canada,Trucks,FCEV,2046,257.55667193297006,3.6892781241792854,Canada Net-zero
Canada,Cars,PHEV,2046,2661418.943307357,1.0,Canada Net-zero
Canada,Vans,PHEV,2046,274727.1167285014,1.9577507575642077,Canada Net-zero
Canada,2 and 3 wheelers,BEV,2047,7536.313587654366,0.09808569078889517,Canada Net-zero
Canada,Buses,BEV,2047,9309.56384357304,5.6752374182090595,Canada Net-zero
Canada,Cars,BEV,2047,8422938.715613702,1.0,Canada Net-zero
Canada,Trucks,BEV,2047,88662.51279593371,3.6892781241792854,Canada Net-zero
Canada,Vans,BEV,2047,487643.8203776354,1.9577507575642077,Canada Net-zero
Canada,Buses,FCEV,2047,576.3063331735691,5.6752374182090595,Canada Net-zero
Canada,Cars,FCEV,2047,886.6251279593371,1.0,Canada Net-zero
Canada,Trucks,FCEV,2047,265.9875383878011,3.6892781241792854,Canada Net-zero
Canada,Cars,PHEV,2047,2748537.896673945,1.0,Canada Net-zero
Canada,Vans,PHEV,2047,283720.04094698787,1.9577507575642077,Canada Net-zero
Canada,2 and 3 wheelers,BEV,2048,7762.755933467062,0.09808569078889517,Canada Net-zero
Canada,Buses,BEV,2048,9589.286741341664,5.6752374182090595,Canada Net-zero
Canada,Cars,BEV,2048,8676021.337404363,1.0,Canada Net-zero
Canada,Trucks,BEV,2048,91326.54039373015,3.6892781241792854,Canada Net-zero
Canada,Vans,BEV,2048,502295.97216551576,1.9577507575642077,Canada Net-zero
Canada,Buses,FCEV,2048,593.6225125592459,5.6752374182090595,Canada Net-zero
Canada,Cars,FCEV,2048,913.2654039373015,1.0,Canada Net-zero
Canada,Trucks,FCEV,2048,273.9796211811904,3.6892781241792854,Canada Net-zero
Canada,Cars,PHEV,2048,2831122.7522056345,1.0,Canada Net-zero
Canada,Vans,PHEV,2048,292244.92925993644,1.9577507575642077,Canada Net-zero
Canada,2 and 3 wheelers,BEV,2049,7976.229918520228,0.09808569078889517,Canada Net-zero
Canada,Buses,BEV,2049,9852.989899348517,5.6752374182090595,Canada Net-zero
Canada,Cars,BEV,2049,8914609.908934373,1.0,Canada Net-zero
Canada,Trucks,BEV,2049,93837.99904141446,3.6892781241792854,Canada Net-zero
Canada,Vans,BEV,2049,516108.99472777947,1.9577507575642077,Canada Net-zero
Canada,Buses,FCEV,2049,609.9469937691939,5.6752374182090595,Canada Net-zero
Canada,Cars,FCEV,2049,938.3799904141445,1.0,Canada Net-zero
Canada,Trucks,FCEV,2049,281.51399712424336,3.6892781241792854,Canada Net-zero
Canada,Cars,PHEV,2049,2908977.970283848,1.0,Canada Net-zero
Canada,Vans,PHEV,2049,300281.5969325262,1.9577507575642077,Canada Net-zero
Canada,2 and 3 wheelers,BEV,2050,8180.357871940072,0.09808569078889517,Canada Net-zero
Canada,Buses,BEV,2050,10105.147959455382,5.6752374182090595,Canada Net-zero
Canada,Cars,BEV,2050,9142752.915697727,1.0,Canada Net-zero
Canada,Trucks,BEV,2050,96239.50437576555,3.6892781241792854,Canada Net-zero
Canada,Vans,BEV,2050,529317.2740667105,1.9577507575642077,Canada Net-zero
Canada,Buses,FCEV,2050,625.5567784424761,5.6752374182090595,Canada Net-zero
Canada,Cars,FCEV,2050,962.3950437576555,1.0,Canada Net-zero
Canada,Trucks,FCEV,2050,288.71851312729666,3.6892781241792854,Canada Net-zero
Canada,Cars,PHEV,2050,2983424.635648732,1.0,Canada Net-zero
Canada,Vans,PHEV,2050,307966.4140024498,1.9577507575642077,Canada Net-zero
Canada,2 and 3 wheelers,BEV,2024,170.0,0.09808569078889517,Global Net-zero
Canada,Buses,BEV,2024,210.0,5.6752374182090595,Global Net-zero
Canada,Cars,BEV,2024,190000.0,1.0,Global Net-zero
Canada,Trucks,BEV,2024,2000.0,3.6892781241792854,Global Net-zero
Canada,Vans,BEV,2024,11000.0,1.9577507575642077,Global Net-zero
Canada,Buses,FCEV,2024,13.0,5.6752374182090595,Global Net-zero
Canada,Cars,FCEV,2024,20.0,1.0,Global Net-zero
Canada,Trucks,FCEV,2024,6.0,3.6892781241792854,Global Net-zero
Canada,Cars,PHEV,2024,62000.0,1.0,Global Net-zero
Canada,Vans,PHEV,2024,6400.0,1.9577507575642077,Global Net-zero
Canada,2 and 3 wheelers,BEV,2025,269.03133550334934,0.09808569078889517,Global Net-zero
Canada,Buses,BEV,2025,332.3328262100198,5.6752374182090595,Global Net-zero
Canada,Cars,BEV,2025,300682.08085668454,1.0,Global Net-zero
Canada,Trucks,BEV,2025,3165.0745353335215,3.6892781241792854,Global Net-zero
Canada,Vans,BEV,2025,17407.90994433437,1.9577507575642077,Global Net-zero
Canada,Buses,FCEV,2025,20.57298447966789,5.6752374182090595,Global Net-zero
Canada,Cars,FCEV,2025,31.650745353335218,1.0,Global Net-zero
Canada,Trucks,FCEV,2025,9.495223606000565,3.6892781241792854,Global Net-zero
Canada,Cars,PHEV,2025,98117.31059533918,1.0,Global Net-zero
Canada,Vans,PHEV,2025,10128.23851306727,1.9577507575642077,Global Net-zero
Canada,2 and 3 wheelers,BEV,2026,413.39861071799226,0.09808569078889517,Global Net-zero
Canada,Buses,BEV,2026,510.6688720634022,5.6752374182090595,Global Net-zero
Canada,Cars,BEV,2026,462033.7413906972,1.0,Global Net-zero
Canada,Trucks,BEV,2026,4863.513067270497,3.6892781241792854,Global Net-zero
Canada,Vans,BEV,2026,26749.321869987732,1.9577507575642077,Global Net-zero
Canada,Buses,FCEV,2026,31.61283493725823,5.6752374182090595,Global Net-zero
Canada,Cars,FCEV,2026,48.63513067270497,1.0,Global Net-zero
Canada,Trucks,FCEV,2026,14.590539201811492,3.6892781241792854,Global Net-zero
Canada,Cars,PHEV,2026,150768.9050853854,1.0,Global Net-zero
Canada,Vans,PHEV,2026,15563.24181526559,1.9577507575642077,Global Net-zero
Canada,2 and 3 wheelers,BEV,2027,622.1203651287857,0.09808569078889517,Global Net-zero
Canada,Buses,BEV,2027,768.5016275120294,5.6752374182090595,Global Net-zero
Canada,Cars,BEV,2027,695310.9963204076,1.0,Global Net-zero
Canada,Trucks,BEV,2027,7319.063119162185,3.6892781241792854,Global Net-zero
Canada,Vans,BEV,2027,40254.84715539202,1.9577507575642077,Global Net-zero
Canada,Buses,FCEV,2027,47.5739102745542,5.6752374182090595,Global Net-zero
Canada,Cars,FCEV,2027,73.19063119162185,1.0,Global Net-zero
Canada,Trucks,FCEV,2027,21.957189357486556,3.6892781241792854,Global Net-zero
Canada,Cars,PHEV,2027,226890.95669402773,1.0,Global Net-zero
Canada,Vans,PHEV,2027,23421.00198131899,1.9577507575642077,Global Net-zero
Canada,2 and 3 wheelers,BEV,2028,872.1722568166807,0.09808569078889517,Global Net-zero
Canada,Buses,BEV,2028,1077.3892584206055,5.6752374182090595,Global Net-zero
Canada,Cars,BEV,2028,974780.7576186432,1.0,Global Net-zero
Canada,Trucks,BEV,2028,10260.850080196244,3.6892781241792854,Global Net-zero
Canada,Vans,BEV,2028,56434.675441079344,1.9577507575642077,Global Net-zero
Canada,Buses,FCEV,2028,66.69552552127558,5.6752374182090595,Global Net-zero
Canada,Cars,FCEV,2028,102.60850080196244,1.0,Global Net-zero
Canada,Trucks,FCEV,2028,30.782550240588733,3.6892781241792854,Global Net-zero
Canada,Cars,PHEV,2028,318086.3524860836,1.0,Global Net-zero
Canada,Vans,PHEV,2028,32834.72025662798,1.9577507575642077,Global Net-zero
Canada,2 and 3 wheelers,BEV,2029,1161.0461482215303,0.09808569078889517,Global Net-zero
Canada,Buses,BEV,2029,1434.2334772148315,5.6752374182090595,Global Net-zero
Canada,Cars,BEV,2029,1297639.8127181807,1.0,Global Net-zero
Canada,Trucks,BEV,2029,13659.366449665062,3.6892781241792854,Global Net-zero
Canada,Vans,BEV,2029,75126.51547315784,1.9577507575642077,Global Net-zero
Canada,Buses,FCEV,2029,88.7858819228229,5.6752374182090595,Global Net-zero
Canada,Cars,FCEV,2029,136.5936644966506,1.0,Global Net-zero
Canada,Trucks,FCEV,2029,40.97809934899519,3.6892781241792854,Global Net-zero
Canada,Cars,PHEV,2029,423440.3599396169,1.0,Global Net-zero
Canada,Vans,PHEV,2029,43709.97263892819,1.9577507575642077,Global Net-zero
Canada,2 and 3 wheelers,BEV,2030,1464.6149990565148,0.09808569078889517,Global Net-zero
Canada,Buses,BEV,2030,1809.2302929521652,5.6752374182090595,Global Net-zero
Canada,Cars,BEV,2030,1636922.64600434,1.0,Global Net-zero
Canada,Trucks,BEV,2030,17230.764694782527,3.6892781241792854,Global Net-zero
Canada,Vans,BEV,2030,94769.20582130388,1.9577507575642077,Global Net-zero
Canada,Buses,FCEV,2030,111.99997051608642,5.6752374182090595,Global Net-zero
Canada,Cars,FCEV,2030,172.30764694782525,1.0,Global Net-zero
Canada,Trucks,FCEV,2030,51.69229408434758,3.6892781241792854,Global Net-zero
Canada,Cars,PHEV,2030,534153.7055382583,1.0,Global Net-zero
Canada,Vans,PHEV,2030,55138.447023304085,1.9577507575642077,Global Net-zero
Canada,2 and 3 wheelers,BEV,2031,1800.0748891404849,0.09808569078889517,Global Net-zero
Canada,Buses,BEV,2031,2223.6219218794226,5.6752374182090595,Global Net-zero
Canada,Cars,BEV,2031,2011848.4055099536,1.0,Global Net-zero
Canada,Trucks,BEV,2031,21177.35163694688,3.6892781241792854,Global Net-zero
Canada,Vans,BEV,2031,116475.43400320785,1.9577507575642077,Global Net-zero
Canada,Buses,FCEV,2031,137.65278564015472,5.6752374182090595,Global Net-zero
Canada,Cars,FCEV,2031,211.7735163694688,1.0,Global Net-zero
Canada,Trucks,FCEV,2031,63.53205491084064,3.6892781241792854,Global Net-zero
Canada,Cars,PHEV,2031,656497.9007453533,1.0,Global Net-zero
Canada,Vans,PHEV,2031,67767.52523823002,1.9577507575642077,Global Net-zero
Canada,2 and 3 wheelers,BEV,2032,2170.0432234173036,0.09808569078889517,Global Net-zero
Canada,Buses,BEV,2032,2680.641628927257,5.6752374182090595,Global Net-zero
Canada,Cars,BEV,2032,2425342.42617228,1.0,Global Net-zero
Canada,Trucks,BEV,2032,25529.920275497687,3.6892781241792854,Global Net-zero
Canada,Vans,BEV,2032,140414.5615152373,1.9577507575642077,Global Net-zero
Canada,Buses,FCEV,2032,165.94448179073498,5.6752374182090595,Global Net-zero
Canada,Cars,FCEV,2032,255.29920275497687,1.0,Global Net-zero
Canada,Trucks,FCEV,2032,76.58976082649306,3.6892781241792854,Global Net-zero
Canada,Cars,PHEV,2032,791427.5285404283,1.0,Global Net-zero
Canada,Vans,PHEV,2032,81695.7448815926,1.9577507575642077,Global Net-zero
Canada,2 and 3 wheelers,BEV,2033,2563.2323804132466,0.09808569078889517,Global Net-zero
Canada,Buses,BEV,2033,3166.3458816869515,5.6752374182090595,Global Net-zero
Canada,Cars,BEV,2033,2864789.1310500987,1.0,Global Net-zero
Canada,Trucks,BEV,2033,30155.675063685252,3.6892781241792854,Global Net-zero
Canada,Vans,BEV,2033,165856.21285026887,1.9577507575642077,Global Net-zero
Canada,Buses,FCEV,2033,196.01188791395413,5.6752374182090595,Global Net-zero
Canada,Cars,FCEV,2033,301.5567506368525,1.0,Global Net-zero
Canada,Trucks,FCEV,2033,90.46702519105575,3.6892781241792854,Global Net-zero
Canada,Cars,PHEV,2033,934825.9269742428,1.0,Global Net-zero
Canada,Vans,PHEV,2033,96498.16020379281,1.9577507575642077,Global Net-zero
Canada,2 and 3 wheelers,BEV,2034,2967.5988890461363,0.09808569078889517,Global Net-zero
Canada,Buses,BEV,2034,3665.857451174639,5.6752374182090595,Global Net-zero
Canada,Cars,BEV,2034,3316728.1701103877,1.0,Global Net-zero
Canada,Trucks,BEV,2034,34912.92810642513,3.6892781241792854,Global Net-zero
Canada,Vans,BEV,2034,192021.10458533824,1.9577507575642077,Global Net-zero
Canada,Buses,FCEV,2034,226.93403269176338,5.6752374182090595,Global Net-zero
Canada,Cars,FCEV,2034,349.12928106425136,1.0,Global Net-zero
Canada,Trucks,FCEV,2034,104.7387843192754,3.6892781241792854,Global Net-zero
Canada,Cars,PHEV,2034,1082300.7712991792,1.0,Global Net-zero
Canada,Vans,PHEV,2034,111721.36994056043,1.9577507575642077,Global Net-zero
Canada,2 and 3 wheelers,BEV,2035,3335.148304085291,0.09808569078889517,Global Net-zero
Canada,Buses,BEV,2035,4119.889081517124,5.6752374182090595,Global Net-zero
Canada,Cars,BEV,2035,3727518.6928012073,1.0,Global Net-zero
Canada,Trucks,BEV,2035,39237.038871591656,3.6892781241792854,Global Net-zero
Canada,Vans,BEV,2035,215803.7137937541,1.9577507575642077,Global Net-zero
Canada,Buses,FCEV,2035,255.04075266534576,5.6752374182090595,Global Net-zero
Canada,Cars,FCEV,2035,392.3703887159166,1.0,Global Net-zero
Canada,Trucks,FCEV,2035,117.71111661477497,3.6892781241792854,Global Net-zero
Canada,Cars,PHEV,2035,1216348.2050193413,1.0,Global Net-zero
Canada,Vans,PHEV,2035,125558.5243890933,1.9577507575642077,Global Net-zero
Canada,2 and 3 wheelers,BEV,2036,3742.305642041702,0.09808569078889517,Global Net-zero
Canada,Buses,BEV,2036,4622.848146051514,5.6752374182090595,Global Net-zero
Canada,Cars,BEV,2036,4182576.894046608,1.0,Global Net-zero
Canada,Trucks,BEV,2036,44027.125200490605,3.6892781241792854,Global Net-zero
Canada,Vans,BEV,2036,242149.18860269836,1.9577507575642077,Global Net-zero
Canada,Buses,FCEV,2036,286.176313803189,5.6752374182090595,Global Net-zero
Canada,Cars,FCEV,2036,440.2712520049061,1.0,Global Net-zero
Canada,Trucks,FCEV,2036,132.08137560147182,3.6892781241792854,Global Net-zero
Canada,Cars,PHEV,2036,1364840.881215209,1.0,Global Net-zero
Canada,Vans,PHEV,2036,140886.80064156995,1.9577507575642077,Global Net-zero
Canada,2 and 3 wheelers,BEV,2037,4142.5009434852345,0.09808569078889517,Global Net-zero
Canada,Buses,BEV,2037,5117.207047834701,5.6752374182090595,Global Net-zero
Canada,Cars,BEV,2037,4629853.995659968,1.0,Global Net-zero
Canada,Trucks,BEV,2037,48735.305217473346,3.6892781241792854,Global Net-zero
Canada,Vans,BEV,2037,268044.1786961034,1.9577507575642077,Global Net-zero
Canada,Buses,FCEV,2037,316.77948391357677,5.6752374182090595,Global Net-zero
Canada,Cars,FCEV,2037,487.3530521747335,1.0,Global Net-zero
Canada,Trucks,FCEV,2037,146.20591565242003,3.6892781241792854,Global Net-zero
Canada,Cars,PHEV,2037,1510794.4617416738,1.0,Global Net-zero
Canada,Vans,PHEV,2037,155952.9766959147,1.9577507575642077,Global Net-zero
Canada,2 and 3 wheelers,BEV,2038,4525.5131969997165,0.09808569078889517,Global Net-zero
Canada,Buses,BEV,2038,5590.339831587885,5.6752374182090595,Global Net-zero
Canada,Cars,BEV,2038,5057926.514293801,1.0,Global Net-zero
Canada,Trucks,BEV,2038,53241.331729408426,3.6892781241792854,Global Net-zero
Canada,Vans,BEV,2038,292827.32451174635,1.9577507575642077,Global Net-zero
Canada,Buses,FCEV,2038,346.06865624115477,5.6752374182090595,Global Net-zero
Canada,Cars,FCEV,2038,532.4133172940843,1.0,Global Net-zero
Canada,Trucks,FCEV,2038,159.72399518822527,3.6892781241792854,Global Net-zero
Canada,Cars,PHEV,2038,1650481.2836116613,1.0,Global Net-zero
Canada,Vans,PHEV,2038,170372.26153410698,1.9577507575642077,Global Net-zero
Canada,2 and 3 wheelers,BEV,2039,4891.040664213605,0.09808569078889517,Global Net-zero
Canada,Buses,BEV,2039,6041.873761675629,5.6752374182090595,Global Net-zero
Canada,Cars,BEV,2039,5466457.212944617,1.0,Global Net-zero
Canada,Trucks,BEV,2039,57541.65487310123,3.6892781241792854,Global Net-zero
Canada,Vans,BEV,2039,316479.1018020568,1.9577507575642077,Global Net-zero
Canada,Buses,FCEV,2039,374.020756675158,5.6752374182090595,Global Net-zero
Canada,Cars,FCEV,2039,575.4165487310123,1.0,Global Net-zero
Canada,Trucks,FCEV,2039,172.62496461930368,3.6892781241792854,Global Net-zero
Canada,Cars,PHEV,2039,1783791.301066138,1.0,Global Net-zero
Canada,Vans,PHEV,2039,184133.29559392395,1.9577507575642077,Global Net-zero
Canada,2 and 3 wheelers,BEV,2040,5240.222131804888,0.09808569078889517,Global Net-zero
Canada,Buses,BEV,2040,6473.215574582508,5.6752374182090595,Global Net-zero
Canada,Cars,BEV,2040,5856718.8531936975,1.0,Global Net-zero
Canada,Trucks,BEV,2040,61649.67213888103,3.6892781241792854,Global Net-zero
Canada,Vans,BEV,2040,339073.1967638457,1.9577507575642077,Global Net-zero
Canada,Buses,FCEV,2040,400.7228689027267,5.6752374182090595,Global Net-zero
Canada,Cars,FCEV,2040,616.4967213888103,1.0,Global Net-zero
Canada,Trucks,FCEV,2040,184.94901641664308,3.6892781241792854,Global Net-zero
Canada,Cars,PHEV,2040,1911139.8363053119,1.0,Global Net-zero
Canada,Vans,PHEV,2040,197278.9508444193,1.9577507575642077,Global Net-zero
Canada,2 and 3 wheelers,BEV,2041,5571.3484173035185,0.09808569078889517,Global Net-zero
Canada,Buses,BEV,2041,6882.253927257288,5.6752374182090595,Global Net-zero
Canada,Cars,BEV,2041,6226801.172280403,1.0,Global Net-zero
Canada,Trucks,BEV,2041,65545.27549768845,3.6892781241792854,Global Net-zero
Canada,Vans,BEV,2041,360499.01523728645,1.9577507575642077,Global Net-zero
Canada,Buses,FCEV,2041,426.04429073497494,5.6752374182090595,Global Net-zero
Canada,Cars,FCEV,2041,655.4527549768845,1.0,Global Net-zero
Canada,Trucks,FCEV,2041,196.63582649306534,3.6892781241792854,Global Net-zero
Canada,Cars,PHEV,2041,2031903.540428342,1.0,Global Net-zero
Canada,Vans,PHEV,2041,209744.88159260305,1.9577507575642077,Global Net-zero
Canada,2 and 3 wheelers,BEV,2042,5874.540345787337,0.09808569078889517,Global Net-zero
Canada,Buses,BEV,2042,7256.785133031416,5.6752374182090595,Global Net-zero
Canada,Cars,BEV,2042,6565662.739409377,1.0,Global Net-zero
Canada,Trucks,BEV,2042,69112.23936220397,3.6892781241792854,Global Net-zero
Canada,Vans,BEV,2042,380117.3164921218,1.9577507575642077,Global Net-zero
Canada,Buses,FCEV,2042,449.2295558543258,5.6752374182090595,Global Net-zero
Canada,Cars,FCEV,2042,691.1223936220397,1.0,Global Net-zero
Canada,Trucks,FCEV,2042,207.33671808661188,3.6892781241792854,Global Net-zero
Canada,Cars,PHEV,2042,2142479.420228323,1.0,Global Net-zero
Canada,Vans,PHEV,2042,221159.16595905268,1.9577507575642077,Global Net-zero
Canada,2 and 3 wheelers,BEV,2043,6158.510236814795,0.09808569078889517,Global Net-zero
Canada,Buses,BEV,2043,7607.571469006511,5.6752374182090595,Global Net-zero
Canada,Cars,BEV,2043,6883040.852910653,1.0,Global Net-zero
Canada,Trucks,BEV,2043,72453.06160958581,3.6892781241792854,Global Net-zero
Canada,Vans,BEV,2043,398491.83885272196,1.9577507575642077,Global Net-zero
Canada,Buses,FCEV,2043,470.9449004623078,5.6752374182090595,Global Net-zero
Canada,Cars,FCEV,2043,724.5306160958581,1.0,Global Net-zero
Canada,Trucks,FCEV,2043,217.35918482875746,3.6892781241792854,Global Net-zero
Canada,Cars,PHEV,2043,2246044.9098971603,1.0,Global Net-zero
Canada,Vans,PHEV,2043,231849.79715067463,1.9577507575642077,Global Net-zero
Canada,2 and 3 wheelers,BEV,2044,6423.618973488064,0.09808569078889517,Global Net-zero
Canada,Buses,BEV,2044,7935.0587319558435,5.6752374182090595,Global Net-zero
Canada,Cars,BEV,2044,7179338.852721954,1.0,Global Net-zero
Canada,Trucks,BEV,2044,75571.987923389,3.6892781241792854,Global Net-zero
Canada,Vans,BEV,2044,415645.9335786394,1.9577507575642077,Global Net-zero
Canada,Buses,FCEV,2044,491.21792150202845,5.6752374182090595,Global Net-zero
Canada,Cars,FCEV,2044,755.7198792338899,1.0,Global Net-zero
Canada,Trucks,FCEV,2044,226.71596377016698,3.6892781241792854,Global Net-zero
Canada,Cars,PHEV,2044,2342731.6256250585,1.0,Global Net-zero
Canada,Vans,PHEV,2044,241830.36135484476,1.9577507575642077,Global Net-zero
Canada,2 and 3 wheelers,BEV,2045,6665.870777903576,0.09808569078889517,Global Net-zero
Canada,Buses,BEV,2045,8234.31096093971,5.6752374182090595,Global Net-zero
Canada,Cars,BEV,2045,7450090.869421644,1.0,Global Net-zero
Canada,Trucks,BEV,2045,78422.00915180678,3.6892781241792854,Global Net-zero
Canada,Vans,BEV,2045,431321.0503349373,1.9577507575642077,Global Net-zero
Canada,Buses,FCEV,2045,509.7430594867441,5.6752374182090595,Global Net-zero
Canada,Cars,FCEV,2045,784.2200915180678,1.0,Global Net-zero
Canada,Trucks,FCEV,2045,235.26602745542033,3.6892781241792854,Global Net-zero
Canada,Cars,PHEV,2045,2431082.28370601,1.0,Global Net-zero
Canada,Vans,PHEV,2045,250950.4292857817,1.9577507575642077,Global Net-zero
Canada,2 and 3 wheelers,BEV,2046,6894.302764411736,0.09808569078889517,Global Net-zero
Canada,Buses,BEV,2046,8516.491650155675,5.6752374182090595,Global Net-zero
Canada,Cars,BEV,2046,7705397.207283705,1.0,Global Net-zero
Canada,Trucks,BEV,2046,81109.4442871969,3.6892781241792854,Global Net-zero
Canada,Vans,BEV,2046,446101.9435795829,1.9577507575642077,Global Net-zero
Canada,Buses,FCEV,2046,527.2113878667798,5.6752374182090595,Global Net-zero
Canada,Cars,FCEV,2046,811.0944428719689,1.0,Global Net-zero
Canada,Trucks,FCEV,2046,243.3283328615907,3.6892781241792854,Global Net-zero
Canada,Cars,PHEV,2046,2514392.772903104,1.0,Global Net-zero
Canada,Vans,PHEV,2046,259550.22171903006,1.9577507575642077,Global Net-zero
Canada,2 and 3 wheelers,BEV,2047,7115.777726672328,0.09808569078889517,Global Net-zero
Canada,Buses,BEV,2047,8790.078368242286,5.6752374182090595,Global Net-zero
Canada,Cars,BEV,2047,7952928.047457308,1.0,Global Net-zero
Canada,Trucks,BEV,2047,83715.03207849797,3.6892781241792854,Global Net-zero
Canada,Vans,BEV,2047,460432.67643173883,1.9577507575642077,Global Net-zero
Canada,Buses,FCEV,2047,544.1477085102368,5.6752374182090595,Global Net-zero
Canada,Cars,FCEV,2047,837.1503207849797,1.0,Global Net-zero
Canada,Trucks,FCEV,2047,251.1450962354939,3.6892781241792854,Global Net-zero
Canada,Cars,PHEV,2047,2595165.994433437,1.0,Global Net-zero
Canada,Vans,PHEV,2047,267888.1026511935,1.9577507575642077,Global Net-zero
Canada,2 and 3 wheelers,BEV,2048,7328.882205868477,0.09808569078889517,Global Net-zero
Canada,Buses,BEV,2048,9053.325077837531,5.6752374182090595,Global Net-zero
Canada,Cars,BEV,2048,8191103.641853004,1.0,Global Net-zero
Canada,Trucks,BEV,2048,86222.14359845268,3.6892781241792854,Global Net-zero
Canada,Vans,BEV,2048,474221.7897914897,1.9577507575642077,Global Net-zero
Canada,Buses,FCEV,2048,560.4439333899423,5.6752374182090595,Global Net-zero
Canada,Cars,FCEV,2048,862.2214359845268,1.0,Global Net-zero
Canada,Trucks,FCEV,2048,258.666430795358,3.6892781241792854,Global Net-zero
Canada,Cars,PHEV,2048,2672886.451552033,1.0,Global Net-zero
Canada,Vans,PHEV,2048,275910.85951504856,1.9577507575642077,Global Net-zero
Canada,2 and 3 wheelers,BEV,2049,7533.350551938862,0.09808569078889517,Global Net-zero
Canada,Buses,BEV,2049,9305.9036229833,5.6752374182090595,Global Net-zero
Canada,Cars,BEV,2049,8419627.08746108,1.0,Global Net-zero
Canada,Trucks,BEV,2049,88627.6535522219,3.6892781241792854,Global Net-zero
Canada,Vans,BEV,2049,487452.09453722043,1.9577507575642077,Global Net-zero
Canada,Buses,FCEV,2049,576.0797480894423,5.6752374182090595,Global Net-zero
Canada,Cars,FCEV,2049,886.276535522219,1.0,Global Net-zero
Canada,Trucks,FCEV,2049,265.8829606566657,3.6892781241792854,Global Net-zero
Canada,Cars,PHEV,2049,2747457.260118879,1.0,Global Net-zero
Canada,Vans,PHEV,2049,283608.4913671101,1.9577507575642077,Global Net-zero
Canada,2 and 3 wheelers,BEV,2050,7730.068933389943,0.09808569078889517,Global Net-zero
Canada,Buses,BEV,2050,9548.90868242287,5.6752374182090595,Global Net-zero
Canada,Cars,BEV,2050,8639488.807906406,1.0,Global Net-zero
Canada,Trucks,BEV,2050,90941.98745164639,3.6892781241792854,Global Net-zero
Canada,Vans,BEV,2050,500180.9309840551,1.9577507575642077,Global Net-zero
Canada,Buses,FCEV,2050,591.1229184357015,5.6752374182090595,Global Net-zero
Canada,Cars,FCEV,2050,909.4198745164638,1.0,Global Net-zero
Canada,Trucks,FCEV,2050,272.8259623549392,3.6892781241792854,Global Net-zero
Canada,Cars,PHEV,2050,2819201.611001038,1.0,Global Net-zero
Canada,Vans,PHEV,2050,291014.3598452684,1.9577507575642077,Global Net-zero
